<?xml version="1.0" encoding="UTF-8"?>
<databaseChangeLog 
	xmlns="http://www.liquibase.org/xml/ns/dbchangelog" 
	xmlns:xsi="http://www.w3.org/2001/XMLSchema-instance" 
	xmlns:n0="http://www.oracle.com/xml/ns/dbchangelog-ext" 
	xsi:schemaLocation="http://www.liquibase.org/xml/ns/dbchangelog 
	http://www.liquibase.org/xml/ns/dbchangelog/dbchangelog-latest.xsd">
	<changeSet id="40c0dcad43c2958dde06d7baaa0c31ad8df200a0" author="(PEOPLE_ANALYTICS)-Generated" failOnError="false"   runOnChange="false" runAlways="false"  >
		<n0:createOraclePackageBody objectName="EBA_QPOLL_FW" objectType="PACKAGE_BODY" ownerName="PEOPLE_ANALYTICS"  replaceIfExists="false" >
			<n0:source><![CDATA[CREATE OR REPLACE EDITIONABLE PACKAGE BODY "%USER_NAME%"."EBA_QPOLL_FW" as
    function conv_txt_html (
        p_txt_message in varchar2 )
        return varchar2
    is
        l_html_message   varchar2(32767) default p_txt_message;
        l_temp_url varchar2(32767) := null;
        l_length number;
    begin
        l_html_message := replace(l_html_message, chr(10), '<br />');
        l_html_message := replace(l_html_message, chr(13), null);
        return l_html_message;
    end conv_txt_html;
    function conv_urls_links (
        p_string in varchar2 )
        return varchar2
    is
        l_string   varchar2(32767) default p_string;
        l_endofUrl varchar2(4000) default chr(10) || chr(13) || chr(9) || ' )<>';
        l_url         varchar2(4000);
        l_current_pos number := 1;
        n             number := 1;
        m             number := 1;
        p             number := 1;
    begin
        l_string := p_string || ' ';
        for i in 1 .. 1000 loop
            n := instr( lower(l_string), 'http://', l_current_pos );
            m := instr( lower(l_string), 'https://', l_current_pos );
            p := instr( lower(l_string), 'ftp://', l_current_pos   );
            -- set n to position of first link
            if m > 0 and (n = 0 or m < n) and (p = 0 or m < p) then
               n := m;
            elsif p > 0 and (n = 0 or p < n) then
               n := p;
            end if;
            exit when n = 0 or length(l_string) > 32000;
            for j in 0 .. length( l_string ) - n loop
                if ( instr( l_endofUrl, substr( l_string, n+j, 1 ) ) > 0 ) then
                   l_url := rtrim( substr( l_string, n, j ), '.'||chr(32)||chr(10) );
                   l_url := '<a href="' || l_url || '">' || l_url || '</a>';
                   l_string := substr( l_string, 1, n-1 ) || l_url || substr( l_string, n+j );
                   l_current_pos := n + length(l_url);
                   exit;
                end if;
            end loop;
        end loop;
        return l_string;
    end conv_urls_links;
    function selective_escape (
        p_text  in varchar2,
        p_tags  in varchar2 default '<h2>,</h2>,<p>,</p>,<b>,</b>,<li>,</li>,<ul>,</ul>,<br />,<i>,</i>,<h3>,</h3>'
        ) return varchar2
    is
        t apex_application_global.vc_arr2;
        x varchar2(32767) := p_text;
    begin
        t := apex_util.string_to_table(p_tags, ',');
        for i in 1..t.count loop
            x := replace(x,t(i),'Aa'||i||'aA');
        end loop;
        x := apex_escape.html(x);
        for i in 1..t.count loop
            x := replace(x,'Aa'||i||'aA',t(i));
        end loop;
        return x;
    end selective_escape;
    function get_preference_value (
        p_preference_name varchar2 )
        return varchar2
    is
        l_preference_value varchar2(255);
    begin
        select preference_value
            into l_preference_value
        from eba_qpoll_preferences
        where preference_name = p_preference_name;
        return l_preference_value;
    exception
        when no_data_found then
            return 'Preference does not exist';
    end get_preference_value;
    procedure set_preference_value (
        p_preference_name  varchar2, 
        p_preference_value varchar2 )
    is
    begin
        merge into eba_qpoll_preferences dest
        using ( select upper(p_preference_name) preference_name,
                    p_preference_value preference_value
                from dual ) src
        on ( upper(dest.preference_name) = src.preference_name )
        when matched then
            update set dest.preference_value = src.preference_value
        when not matched then
            insert (dest.preference_name, dest.preference_value)
            values (src.preference_name, src.preference_value);
    end set_preference_value;
    function compress_int (
        n in integer )
        return varchar2
    as
        ret varchar2(30);
        quotient integer;
        remainder integer;
        digit char(1);
    begin
        ret := '';
        quotient := n;
        while quotient > 0
        loop
            remainder := mod(quotient, 10 + 26);
            quotient := floor(quotient  / (10 + 26));
            if remainder < 26 then
                digit := chr(ascii('A') + remainder);
            else
                digit := chr(ascii('0') + remainder - 26);
            end if;
            ret := digit || ret;
        end loop ;
        if length(ret) < 5 then
            ret := lpad(ret, 4, 'A');
        end if ;
        return upper(ret);
    end compress_int;
    procedure add_error_log ( 
        p_error           in apex_error.t_error,
        p_procedure_name  in varchar2 default null,
        p_error_text      in varchar2 default null,
        p_arg1_name       in varchar2 default null,
        p_arg1_val        in varchar2 default null,
        p_arg2_name       in varchar2 default null,
        p_arg2_val        in varchar2 default null,
        p_arg3_name       in varchar2 default null,
        p_arg3_val        in varchar2 default null,
        p_arg4_name       in varchar2 default null,
        p_arg4_val        in varchar2 default null )
    is
    pragma autonomous_transaction;
    begin
        -- Remove old errors
        delete from eba_qpoll_errors where err_time <= current_timestamp - 21;
        -- Log the error.
        insert into eba_qpoll_errors (
            app_id,
            app_page_id,
            app_user,
            user_agent,
            ip_address,
            ip_address2,
            message,
            page_item_name,
            region_id,
            column_alias,
            row_num,
            apex_error_code,
            ora_sqlcode,
            ora_sqlerrm,
            error_backtrace,
            procedure_name,
            error_text,
            arg1_name,
            arg1_val,
            arg2_name,
            arg2_val,
            arg3_name,
            arg3_val,
            arg4_name,
            arg4_val )
        select v('APP_ID'),
            v('APP_PAGE_ID'),
            v('APP_USER'),
            owa_util.get_cgi_env('HTTP_USER_AGENT'),
            owa_util.get_cgi_env('REMOTE_ADDR'),
            sys_context('USERENV', 'IP_ADDRESS'),
            substr(p_error.message,0,4000),
            p_error.page_item_name,
            p_error.region_id,
            p_error.column_alias,
            p_error.row_num,
            p_error.apex_error_code,
            p_error.ora_sqlcode,
            substr(p_error.ora_sqlerrm,0,4000),
            substr(p_error.error_backtrace,0,4000),
            p_procedure_name,
            p_error_text,
            p_arg1_name,
            p_arg1_val,
            p_arg2_name,
            p_arg2_val,
            p_arg3_name,
            p_arg3_val,
            p_arg4_name,
            p_arg4_val
        from dual;
        commit;
    end add_error_log;
    function apex_error_handling (
        p_error in apex_error.t_error )
        return apex_error.t_error_result
    is
        l_result          apex_error.t_error_result;
        l_constraint_name varchar2(255);
    begin
        l_result := apex_error.init_error_result (
                        p_error => p_error );
        -- If it is an internal error raised by APEX, like an invalid statement or
        -- code which can not be executed, the error text might contain security sensitive
        -- information. To avoid this security problem we can rewrite the error to
        -- a generic error message and log the original error message for further
        -- investigation by the help desk.
        if p_error.is_internal_error then
            -- mask all errors that are not common runtime errors (Access Denied
            -- errors raised by application / page authorization and all errors
            -- regarding session and session state)
            if not p_error.is_common_runtime_error then
                add_error_log( p_error );
                -- Change the message to the generic error message which doesn't expose
                -- any sensitive information.
                l_result.message         := 'An unexpected internal application error has occurred.';
                l_result.additional_info := null;
            end if;
        else
            -- Always show the error as inline error
            -- Note: If you have created manual tabular forms (using the package
            --       apex_item/htmldb_item in the SQL statement) you should still
            --       use "On error page" on that pages to avoid loosing entered data
            l_result.display_location := case
                                           when l_result.display_location = apex_error.c_on_error_page then apex_error.c_inline_in_notification
                                           else l_result.display_location
                                         end;
            -- If an ORA error has been raised, for example a raise_application_error(-20xxx, '...')
            -- in a table trigger or in a PL/SQL package called by a process and we
            -- haven't found the error in our lookup table, then we just want to see
            -- the actual error text and not the full error stack with all the ORA error numbers.
            if p_error.ora_sqlcode is not null and l_result.message = p_error.message then
                l_result.message := apex_error.get_first_ora_error_text (
                                        p_error => p_error );
            end if;
            -- If no associated page item/tabular form column has been set, we can use
            -- apex_error.auto_set_associated_item to automatically guess the affected
            -- error field by examine the ORA error for constraint names or column names.
            if l_result.page_item_name is null and l_result.column_alias is null then
                apex_error.auto_set_associated_item (
                    p_error        => p_error,
                    p_error_result => l_result );
            end if;
        end if;
        return l_result;
    end apex_error_handling;
end eba_qpoll_fw;
/]]></n0:source>
		</n0:createOraclePackageBody>
	</changeSet>
</databaseChangeLog>
