<?xml version="1.0" encoding="UTF-8"?>
<databaseChangeLog 
	xmlns="http://www.liquibase.org/xml/ns/dbchangelog" 
	xmlns:xsi="http://www.w3.org/2001/XMLSchema-instance" 
	xmlns:n0="http://www.oracle.com/xml/ns/dbchangelog-ext" 
	xsi:schemaLocation="http://www.liquibase.org/xml/ns/dbchangelog 
	http://www.liquibase.org/xml/ns/dbchangelog/dbchangelog-latest.xsd">
	<changeSet id="9d02330ed7ef0ada31030ea8f84a1d6732e18200" author="(PEOPLE_ANALYTICS)-Generated" failOnError="false"   runOnChange="false" runAlways="false"  >
		<n0:createOraclePackageBody objectName="SP_CONTRIBUTOR_SUMMARY" objectType="PACKAGE_BODY" ownerName="PEOPLE_ANALYTICS"  replaceIfExists="false" >
			<n0:source><![CDATA[CREATE OR REPLACE EDITIONABLE PACKAGE BODY "%USER_NAME%"."SP_CONTRIBUTOR_SUMMARY" 
as
function generate (
    p_team_member_id     in number,
    p_show_activities    in varchar2 default 'Y',
    p_show_projects      in varchar2 default 'Y',
    p_links              in varchar2 default 'NONE',
    p_apex_session       in varchar2 default null )
    return clob
is
    x                      clob := null;
    x2                     clob := null;
    x3                     clob := null;
    x4                     clob := null;
    x5                     clob := null;
    x6                     clob := null;
    l_date_from            date := trunc(sysdate) - 6;
    l_date_to              date := sysdate;
    l_person               varchar2(255);
    l_email                varchar2(255);
    l_team_member_id       number;
    l_lower_app_user       varchar2(255) := null;
    l_date_fm              varchar2(255) := 'FMDay DD-MON';
    l_date_fm2             varchar2(255) := 'FMDay DD-MON-YYYY';
    l_day_fm               varchar2(255) := 'FMDay';
    l_days                 number;
    l_last_release         varchar2(500);
    l_row_count            int := 0;
    l_release_count        int := 0;
    l_max_text_length      int := 120;
    l_project_max_count    int := 20;
    l_link_type            varchar2(30);
    l_project_label        varchar2(255);
    l_initiative_label     varchar2(255);
    l_projects_label       varchar2(255);
    l_initiatives_label    varchar2(255);
    --
    -- support for links
    --
    l_project              varchar2(4000);
    l_role                 varchar2(4000);
    l_url                  varchar2(4000);
    l_activity             varchar2(4000);
    l_app_id               varchar2(4000);
    l_app_prefix_url       varchar2(4000);
begin
    --
    -- get settings
    --
    l_project_label     := sp_strategic_proj_util.get_nomenclature('PROJECT');
    l_initiative_label  := sp_strategic_proj_util.get_nomenclature('INITIATIVE');
    l_projects_label    := sp_strategic_proj_util.get_nomenclature('PROJECTS');
    l_initiatives_label := sp_strategic_proj_util.get_nomenclature('INITIATIVES');
    l_app_id            := sp_strategic_proj_util.get_setting('APP_ID');
    l_app_prefix_url    := sp_strategic_proj_util.get_setting('APP_PREFIX_URL');
    --
    -- determine link type
    --
    -- APP: generate links from within the current app requires p_apex_session
    -- EMAIL: generate fully qualified links
    --
    if p_links = 'APP' and p_apex_session is not null and l_app_id is not null then
       l_link_type := 'APP';
    elsif p_links = 'EMAIL' and l_app_id is not null then
       l_link_type := 'EMAIL';
    elsif p_links is null then
       l_link_type := 'NONE';
    end if;
    --
    -- name
    -- 
    for c1 in (
        select first_Name||' '||last_name name, email, id 
          from sp_team_members tm 
         where id = p_team_member_id
    ) loop 
        l_person := apex_escape.html(c1.name);
        l_email  := lower(apex_escape.html(c1.email));
        l_lower_app_user := lower(c1.email);
        l_team_member_id := c1.id;
    end loop;
    --
    -- heading
    --
    x := '<h3>Weekly report for '||l_person||'</h3><br>'||chr(10);
    if l_link_type != 'APP' then
        x := x||'<strong>email</strong>: '||l_email||'<br>';
    end if;
    x := x||'<strong>timeframe</strong>: '||to_char(l_date_from,l_date_fm)||' - '||to_char(l_date_to,l_date_fm2)||'<br><br>';
    --
    --  ###############################################################
    --
    --  A C T I V I T I E S
    -- 
    --
    --  current
    --
    if p_show_activities = 'Y' then
    
        x2 := x2||'<p><h3>Activities</h3>'||chr(10)||'<ul>';
        l_row_count := 0;
        for c1 in (
            select ap.id, 
                   ap.project_id,
                   --
                   -- activity core information
                   --
                   at.activity_type,
                   decode(greatest(length(ap.comments),l_max_text_length),l_max_text_length,ap.comments,substr(ap.comments,1,l_max_text_length)||'...') comments,
                   --
                   to_char(ap.start_date,'DD-MON')||' to '||to_char(ap.end_date,'DD-MON-YYYY') TIMELINE,
                   --
                   decode(ap.project_id,null,null,(
                       select decode(greatest(length(p.project),l_max_text_length),l_max_text_length,p.PROJECT,substr(p.project,1,l_max_text_length)||'...') project 
                       from sp_projects p 
                       where p.id = ap.project_id and 
                             p.DUPLICATE_OF_PROJECT_ID is null and
                             p.ARCHIVED_YN = 'N')
                       ) project,
                    --
                    -- initiative
                    --
                    decode(ap.initiative_id,null,null,(
                        select i.initiative from sp_initiatives i where i.id = ap.initiative_id)) initiative,
                    ap.initiative_id,
                    --
                    (select FRIENDLY_IDENTIFIER 
                        from sp_projects p 
                       where p.id = ap.project_id and 
                             p.DUPLICATE_OF_PROJECT_ID is null and
                             p.ARCHIVED_YN = 'N') friendly_identifier
            from sp_activities ap,
                 sp_activity_types at,
                 sp_team_members tm
            where 
                  ap.activity_type_id = at.id and
                  tm.id = l_team_member_id and
                  ap.team_member_id = tm.id and
                  trunc(sysdate) <= ap.end_date and
                  ap.start_date <= trunc(sysdate)
                  order by ap.end_date
        ) loop
            l_row_count := l_row_count + 1;
            l_activity := apex_escape.html(c1.activity_type);
            --
            -- determine project link
            --
            l_project  := apex_escape.html(c1.project);
            if c1.project is not null then 
                if l_link_type = 'APP' then
                   l_url := apex_util.prepare_url('f?p='||l_app_id||':3:'||p_apex_session||'::NO:3:FI:'||c1.FRIENDLY_IDENTIFIER);
                   l_project := '<a href="'||l_url||'">'||l_project||'</a>';
                elsif l_link_type = 'EMAIL' then
                   l_url := apex_page.get_url(
                              p_application => l_app_id,
                              p_page        => 3,
                              p_session     => null,
                              p_items       => 'FI',
                              p_values      => c1.FRIENDLY_IDENTIFIER,
                              p_plain_url   => TRUE );
                   l_url := l_app_prefix_url || l_url; 
                   l_project := '<a href="'||l_url||'">'||l_project||'</a>';
                end if;
            end if;
            --
            -- set activity link which is home page
            --
            if l_link_type = 'APP' then
               l_url := apex_util.prepare_url('f?p='||l_app_id||':1:'||p_apex_session);
               l_activity := '<a href="'||l_url||'">'||l_activity||'</a>';
            elsif l_link_type = 'EMAIL' then
               l_url := apex_page.get_url(
                          p_application => l_app_id,
                          p_page        => 1,
                          p_session     => null,
                          p_items       => null,
                          p_values      => null,
                          p_plain_url   => TRUE );
               l_url := l_app_prefix_url || l_url; 
               l_project := '<a href="'||l_url||'">'||l_activity||'</a>';
            end if;
            --
            -- generate HTML for activities
            --
            if l_row_count = 1 then 
              x2 := x2||chr(10)||'<li>Current</li>'||chr(10)||'<ul>';
            end if;
            x2 := x2||'<li>'||
                  ' '||apex_escape.html(c1.TIMELINE)||
                  ' (<strong>'||l_activity||'</strong>) - '||
                  apex_escape.html(c1.comments);
            if c1.project is not null then 
                x2 := x2||'<br>'||nvl(l_project_label,'Project')||': '||l_project;
            end if;
            if c1.initiative is not null then 
                x2 := x2||'<br>'||nvl(l_initiative_label,'Initiative')||': '||apex_escape.html(c1.initiative);
            end if;        
            x2 := x2||'</li>';
        end loop;
        if l_row_count > 0 then
            x2 := x2||chr(10)||'</ul>';
        end if;
        --
        -- FUTURE
        --
        l_row_count := 0;
        for c1 in (
            select ap.id, 
                   ap.project_id,
                   --
                   -- activity core information
                   --
                   at.activity_type,
                   decode(greatest(length(ap.comments),l_max_text_length),l_max_text_length,ap.comments,substr(ap.comments,1,l_max_text_length)||'...') comments,
                   --
                   to_char(ap.start_date,'DD-MON-YYYY')||' to '||to_char(ap.end_date,'DD-MON-YYYY') TIMELINE,
                   --
                   decode(ap.project_id,null,null,(
                       select decode(greatest(length(p.project),l_max_text_length),l_max_text_length,p.PROJECT,substr(p.project,1,l_max_text_length)||'...') project 
                       from sp_projects p 
                       where p.id = ap.project_id and 
                             p.DUPLICATE_OF_PROJECT_ID is null and
                             p.ARCHIVED_YN = 'N')
                       ) project,
                    --
                    -- initiative
                    --
                    decode(ap.initiative_id,null,null,(
                        select i.initiative from sp_initiatives i where i.id = ap.initiative_id)) initiative,
                    ap.initiative_id
            from sp_activities ap,
                 sp_activity_types at,
                 sp_team_members tm
            where 
                  ap.activity_type_id = at.id and
                  tm.id = l_team_member_id and
                  ap.team_member_id = tm.id and
                  ap.start_date > trunc(sysdate)
            order by ap.end_date
        ) loop
            l_row_count := l_row_count + 1;
           
            if l_row_count = 1 then   
               x3 := x3||'<li>Future</li><ul>';
            end if;
            x3 := x3||'<li>'||
                  ' '||apex_escape.html(c1.TIMELINE)||
                  ' (<strong>'||apex_escape.html(c1.activity_type)||'</strong>) - '||
                  apex_escape.html(c1.comments);
            if c1.project is not null then 
               x3 := x3||'<br>'||nvl(l_project_label,'Project')||': '||apex_escape.html(c1.project);
            end if;
            if c1.initiative is not null then 
               x3 := x3||'<br>'||nvl(l_initiative_label,'Initiative')||': '||apex_escape.html(c1.initiative);
            end if;    
            x3 := x3||'</li>';
           
        end loop;
        if l_row_count > 0 then 
           x3 := x3||'</ul>';
        end if;
        --
        -- LAST WEEK
        --
        l_row_count := 0;
        for c1 in (
            select ap.id, 
                   ap.project_id,
                   --
                   -- activity core information
                   --
                   at.activity_type,
                   decode(greatest(length(ap.comments),l_max_text_length),l_max_text_length,ap.comments,substr(ap.comments,1,l_max_text_length)||'...') comments,
                   --
                   to_char(ap.start_date,'DD-MON-YYYY')||' to '||to_char(ap.end_date,'DD-MON-YYYY') TIMELINE,
                   --
                   decode(ap.project_id,null,null,(
                          select decode(greatest(length(p.project),l_max_text_length),l_max_text_length,p.PROJECT,substr(p.project,1,l_max_text_length)||'...') project 
                            from sp_projects p 
                           where p.id = ap.project_id and 
                                 p.DUPLICATE_OF_PROJECT_ID is null and
                                 p.ARCHIVED_YN = 'N')
                          ) project,
                    --
                    -- initiative
                    --
                    decode(ap.initiative_id,null,null,(
                           select i.initiative from sp_initiatives i where i.id = ap.initiative_id)) initiative,
                    ap.initiative_id
            from sp_activities ap,
                 sp_activity_types at,
                 sp_team_members tm
            where 
                  ap.activity_type_id = at.id and
                  tm.id = l_team_member_id and
                  ap.team_member_id = tm.id and
                  ap.end_date > trunc(sysdate) - 7 and
                  ap.end_date < trunc(sysdate)
            order by ap.end_date 
        ) loop
            l_row_count := l_row_count + 1;
            if l_row_count = 1 then 
               x3 := x3||'<li>Last week</li>'||chr(10)||'<ul>';
            end if;
            x3 := x3||chr(10)||'<li>'||
                 ' '||apex_escape.html(c1.TIMELINE)||
                 ' (<strong>'||apex_escape.html(c1.activity_type)||'</strong>) - '||
                 apex_escape.html(c1.comments);
            --
            if c1.project is not null then 
               x3 := x3||'<br>'||nvl(l_project_label,'Project')||': '||apex_escape.html(c1.project);
            end if;
            if c1.initiative is not null then 
               x3 := x3||'<br>'||nvl(l_initiative_label,'Initiative')||': '||apex_escape.html(c1.initiative);
            end if;    
            x3 := x3||'</li>';
        end loop;
        if l_row_count > 0 then 
           x3 := x3||'</ul>'||chr(10);
        end if;
        -- end of activity reporting
        x3 := x3||chr(10)||'</ul>'||chr(10);
        x3 := x3||'<p>Activities listed include activities for the past week, current and future planned.</p>';
    end if;
      
    --
    --  ###############################################################
    --
    -- P R O J E C T S
    -- 
    if p_show_projects = 'Y' then
        l_row_count := 0;
        x4 := '<h3>'||apex_escape.html(nvl(l_projects_label,'Projects')) ||'</h3> <ul>';
        l_row_count := 0;
        l_release_count := 0;
        for c1 in (
            select  decode(p.RELEASE_DEPENDENT_YN,'Y',1,2) sort_order_1,
                    decode(p.RELEASE_DEPENDENT_YN,'Y',
                           (select release_target_date from sp_release_trains where id = p.release_id),
                           p.target_complete) sort_order_2,
                 --   to_char(p.target_complete,'YYYY.MM.DD') sort_order_3,
                    pp.priority sort_order_3,
                    nvl(decode(p.RELEASE_DEPENDENT_YN,'Y',
                              (select t.release_train||' '||t.release from SP_RELEASE_TRAINS t where t.id = p.release_id),
                              decode(p.target_complete,null,'Not Targeted',
                                     to_char(p.target_complete,'MON-YYYY'))
                         ),'Not Targeted')  release,
                   p.project, 
                   p.pct_complete, 
                   p.project_size,
                   pp.priority,
                   p.id project_id,
                   p.FRIENDLY_IDENTIFIER,
                   p.owner_id
              from sp_projects p, 
                   SP_PROJECT_PRIORITIES pp
             where p.priority_id = pp.id and 
                   p.pct_complete != 0 and
                   p.pct_complete != 100 and
                   p.ARCHIVED_YN = 'N' and
                   p.DUPLICATE_OF_PROJECT_ID is null and 
                   (
                       p.RELEASE_DEPENDENT_YN = 'N' or 
                       p.release_id in (select t.id from SP_RELEASE_TRAINS t where nvl(t.RELEASE_OPEN_COMPLETED,'Y') = 'Y' and nvl(RELEASE_COMPLETED,'N') = 'N')
                   ) and
                   (p.owner_id = l_team_member_id or 
                    exists (select 1
                              from sp_project_contributors
                             where team_member_id = l_team_member_id 
                               and project_id = p.id) )
            order by 1, 2, 3 asc, 4
        ) loop
            l_row_count := l_row_count + 1;
            l_project := apex_escape.html(c1.project);
            -- broken out to avoid bulk bind error
            if c1.owner_id = l_team_member_id then l_role := 'Owner';
            else select listagg(rt.resource_type, ', ') within group (order by rt.resource_type)
                   into l_role
                   from sp_project_contributors c,
                        sp_resource_types rt
                  where c.project_id = c1.project_id
                    and c.team_member_id = l_team_member_id
                    and c.responsibility_id = rt.id;
            end if;
            if l_link_type = 'APP' then
               l_url := apex_util.prepare_url('f?p='||l_app_id||':3:'||p_apex_session||'::NO:3:FI:'||c1.FRIENDLY_IDENTIFIER);
               l_project := '<a href="'||l_url||'">'||l_project||'</a>';
            elsif l_link_type = 'EMAIL' then
               l_url := apex_page.get_url(
                          p_application => l_app_id,
                          p_page        => 3,
                          p_session     => null,
                          p_items       => 'FI',
                          p_values      => c1.FRIENDLY_IDENTIFIER,
                          p_plain_url   => TRUE );
               l_url := l_app_prefix_url || l_url; 
               l_project := '<a href="'||l_url||'">'||l_project||'</a>';
            end if;
            if c1.release != l_last_release or l_last_release is null then
                if l_row_count > 1 then
                   x4 := x4||'</ul>';
                end if;
                x4 := x4||'<li>'||apex_escape.html(c1.release)||'</li>';
                x4 := x4||'<ul>';
            end if;
            x4 := x4||'<li> '||l_project||
                      ' (<strong>'||apex_escape.html(l_role)||'</strong>) - '||
                      to_char(c1.pct_complete)||'% '||apex_escape.html(c1.project_size)||' '||  
                      'P'||to_char(c1.priority)||'</li>';
            l_last_release := c1.release;
            if p_links = 'EMAIL' and l_row_count = l_project_max_count then
               x4 := x4||'View more in application...';
               exit;
            end if;
       
         end loop;
         if l_row_count = 0 then
            x4 := x4||'</ul>';
            x4 := x4||'No '||l_projects_label||' found';
         else
            x4 := x4||'</ul></ul>';
         end if;
         --
         -- PROJECTS COMMENTED
         --
         l_row_count := 0;
         x5 := '<h3>'||apex_escape.html(nvl(l_projects_label,'Projects')) ||' Commented On'||'</h3> <ul>';
         for c1 in (
             select p.project, max(p.friendly_identifier) friendly_identifier, min(c.created) min_created, max(c.created) max_created, Count(*) comments
               from sp_projects p, 
                    sp_project_comments c
              where lower(c.created_by) = l_lower_app_user and 
                    p.id = c.project_id and
                    c.created between l_date_from and l_date_to and
                    p.ARCHIVED_YN = 'N' and
                    p.DUPLICATE_OF_PROJECT_ID is null
              group by p.project
        ) loop
            l_row_count := l_row_count + 1;
            l_project := apex_escape.html(c1.project);
            if l_link_type = 'APP' then
               l_url := apex_util.prepare_url('f?p='||l_app_id||':3:'||p_apex_session||'::NO:3:FI:'||c1.friendly_identifier);
               l_project := '<a href="'||l_url||'">'||l_project||'</a>';
            elsif l_Link_type = 'EMAIL' then
               l_url := apex_page.get_url(
                     p_application => l_app_id,
                     p_page        => 3,
                     p_session     => null,
                     p_items       => 'FI',
                     p_values      => c1.FRIENDLY_IDENTIFIER,
                     p_plain_url   => TRUE );
               l_url := l_app_prefix_url || l_url; 
               l_project := '<a href="'||l_url||'">'||l_project||'</a>';
            end if;
            x5 := x5||'<li>'||l_project||' - '||to_char(c1.min_created,l_day_fm);
            if c1.comments > 1 then 
                if trunc(c1.min_created) != trunc(c1.max_created) then
                   x5 := x5||' to '||to_char(c1.max_created,l_day_fm);
                end if;
                x5 := x5||' ('||apex_escape.html(c1.comments)||' comments)'; 
            end if;
            x5 := x5||'</li>';
        end loop;
        x5 := x5||'</ul>';
        if l_row_count = 0 then
           x5 := x5||'No '||l_projects_label||' found';
        end if;
        --
        -- PROJECTS ADDED
        --
        l_row_count := 0;
        x6 := '<h3>'||apex_escape.html(nvl(l_projects_label,'Projects')) ||' Created'||'</h3> <ul>';
        for c1 in (
            select p.project, to_char(p.created,l_day_fm) created
              from sp_projects p
             where lower(p.created_by) = l_lower_app_user and 
                   p.created between l_date_from and l_date_to and
                   p.ARCHIVED_YN = 'N' and
                   p.DUPLICATE_OF_PROJECT_ID is null
        ) loop
           l_row_count := l_row_count + 1;
           x6 := x6||'<li>'||apex_escape.html(c1.project)||' - '||c1.created||' </li>';
        end loop;
        x6 := x6||'</ul>';
        if l_row_count = 0 then
           x6 := x6||'No '||l_projects_label||' found';
        end if;
    -- END CHECKING P_SHOW_PROJECTS
    end if;
    if p_show_activities = 'Y' then
       sys.dbms_lob.append(x, x2);
       sys.dbms_lob.append(x, x3);
    end if;
    if p_show_projects = 'Y' then
       sys.dbms_lob.append(x, x4);
       sys.dbms_lob.append(x, x5);
       sys.dbms_lob.append(x, x6);
    end if;
    return x;
end generate;
function project_exceptions (
    p_team_member_id     in number,
    p_links              in varchar2 default 'NONE',
    p_apex_session       in varchar2 default null )
    return clob
is
    x                      clob := null;
    l_person               varchar2(255);
    l_email                varchar2(255);
    l_team_member_id       number;
    l_date_fm              varchar2(255) := 'FMDay DD-MON';
    l_link_type            varchar2(30);
    l_project_label        varchar2(255);
    l_sysdate              date := trunc(sysdate);
    l_proj_yn              varchar2(1) := 'N';
    l_exceptions_yn        varchar2(1) := 'N';
    l_proj_except_count    int := 0;
    l_project_max_count    int := 20;
    --
    -- support for links
    --
    l_project              varchar2(4000);
    l_role                 varchar2(4000);
    l_url                  varchar2(4000);
    l_activity             varchar2(4000);
    l_app_id               varchar2(4000);
    l_app_prefix_url       varchar2(4000);
begin
    --
    -- get settings
    --
    l_project_label     := sp_strategic_proj_util.get_nomenclature('PROJECT');
    l_app_id            := sp_strategic_proj_util.get_setting('APP_ID');
    l_app_prefix_url    := sp_strategic_proj_util.get_setting('APP_PREFIX_URL');
    --
    -- determine link type
    --
    -- APP: generate links from within the current app requires p_apex_session
    -- EMAIL: generate fully qualified links
    --
    if p_links = 'APP' and p_apex_session is not null and l_app_id is not null then
       l_link_type := 'APP';
    elsif p_links = 'EMAIL' and l_app_id is not null then
       l_link_type := 'EMAIL';
    elsif p_links is null then
       l_link_type := 'NONE';
    end if;
    --
    -- name
    -- 
    for c1 in (
        select first_Name||' '||last_name name, email, id 
          from sp_team_members tm 
         where id = p_team_member_id
    ) loop 
        l_person := apex_escape.html(c1.name);
        l_email  := lower(apex_escape.html(c1.email));
        l_team_member_id := c1.id;
    end loop;
    --
    -- heading
    --
    x := '<h3>'||nvl(l_project_label,'Project')||' Exception report for '||l_person||'</h3><br>'||chr(10);
    if l_link_type != 'APP' then
        x := x||'<strong>email</strong>: '||l_email||'<br>';
    end if;
    --
    -- PROJECT ISSUES
    --
    for c1 in (
        select p.id,
               p.friendly_identifier,
               p.project,
               p.owner_id,
               p.requires_reviews_yn,
               p.milestone1_complete_date, p.milestone1_complete_yn,
               p.milestone2_complete_date, p.milestone2_complete_yn,
               p.milestone3_complete_date, p.milestone3_complete_yn,
               p.milestone4_complete_date, p.milestone4_complete_yn,
               p.status_scale,
               ' - '|| to_char(p.pct_complete) ||'% '|| p.project_size ||' P'||to_char(r.priority) quick_summary,
               case when p.owner_id is not null then ' - '||(select first_name ||' '||last_name from sp_team_members where id = p.owner_id) end owner
          from sp_projects p,
               sp_project_priorities r
         where p.duplicate_of_project_id is null
           and p.archived_yn = 'N'
           and p.priority_id = r.id
           and p.pct_complete != 0
           and (p.owner_id = l_team_member_id or 
                exists (select 1
                          from sp_project_contributors
                         where team_member_id = l_team_member_id 
                           and project_id = p.id) )
         order by r.priority, p.project
    ) loop
        l_proj_yn := 'N';
        l_project := '<strong>'||apex_escape.html(c1.project)||'</strong>';
        -- broken out to avoid bulk bind error
        if c1.owner_id = l_team_member_id then l_role := ' (Owner)';
        else select ' ('||listagg(rt.resource_type, ', ') within group (order by rt.resource_type) ||')'
               into l_role
               from sp_project_contributors c,
                    sp_resource_types rt
              where c.project_id = c1.id
                and c.team_member_id = l_team_member_id
                and c.responsibility_id = rt.id;
        end if;
        if l_link_type = 'APP' then
           l_url := apex_util.prepare_url('f?p='||l_app_id||':3:'||p_apex_session||'::NO:3:FI:'||apex_escape.html(c1.friendly_identifier));
           l_project := '<a href="'||l_url||'">'||l_project||'</a>' || apex_escape.html(l_role) || apex_escape.html(c1.owner) || apex_escape.html(c1.quick_summary);
        elsif l_link_type = 'EMAIL' then
           l_url := apex_page.get_url(
                        p_application => l_app_id,
                        p_page        => 3,
                        p_session     => null,
                        p_items       => 'FI',
                        p_values      => c1.friendly_identifier,
                        p_plain_url   => TRUE );
           l_url := l_app_prefix_url || l_url; 
           l_project := '<a href="'||l_url||'">'||l_project||'</a>' || apex_escape.html(l_role) || apex_escape.html(c1.owner) || apex_escape.html(c1.quick_summary);
        else
           l_project := l_project || apex_escape.html(l_role) || apex_escape.html(c1.owner) || apex_escape.html(c1.quick_summary);
        end if;
        -- NO PROJECT OWNER
        if c1.owner_id is null then
            l_exceptions_yn := 'Y';
            x := x||l_project||chr(10)||'<ul>';
            l_proj_yn := 'Y';
            x := x||'<li>No Owner</li>'||chr(10);
            -- NO PROJECT CONTRIBUTORS
            for c2 in (
                select count(*) cnt
                  from sp_project_contributors
                 where project_id = c1.id
            ) loop
                if c2.cnt = 0 then
                    x := x||'<li>No Contributors</li>'||chr(10);
                end if;
            end loop;
        end if;
        -- NO PROJECT REVIEWERS
        if c1.requires_reviews_yn = 'Y' then
            for c2 in (
                select count(*) cnt
                  from sp_project_reviews
                 where project_id = c1.id
            ) loop
                if c2.cnt = 0 then
                    if l_proj_yn = 'N' then
                        x := x||l_project||chr(10)||'<ul>';
                        l_proj_yn := 'Y';
                    end if;
                    l_exceptions_yn := 'Y';
                    x := x||'<li>No Reviewers</li>'||chr(10);
                end if;
            end loop;
        end if;
        -- OVERDUE PROJECT DATES
        if trunc(c1.milestone1_complete_date) < l_sysdate and c1.milestone1_complete_yn = 'N' then
            for c2 in (
                select milestone1_label
                  from sp_project_scales
                 where scale_letter = c1.status_scale
                   and milestone1_label is not null
             ) loop
                 if l_proj_yn = 'N' then
                     x := x||l_project||chr(10)||'<ul>';
                     l_proj_yn := 'Y';
                 end if;
                 l_exceptions_yn := 'Y';
                 x := x||'<li>'|| apex_escape.html(c2.milestone1_label) ||' was due '|| to_char(c1.milestone1_complete_date,l_date_fm) ||'</li>'||chr(10);
             end loop;
        end if;
        if trunc(c1.milestone2_complete_date) < l_sysdate and c1.milestone2_complete_yn = 'N' then
             for c2 in (
                select milestone2_label
                  from sp_project_scales
                 where scale_letter = c1.status_scale
                   and milestone2_label is not null
             ) loop
                 if l_proj_yn = 'N' then
                     x := x||l_project||chr(10)||'<ul>';
                     l_proj_yn := 'Y';
                 end if;
                 l_exceptions_yn := 'Y';
                 x := x||'<li>'|| apex_escape.html(c2.milestone2_label) ||' was due '|| to_char(c1.milestone2_complete_date,l_date_fm) ||'</li>'||chr(10);
             end loop;
        end if;
        if trunc(c1.milestone3_complete_date) < l_sysdate and c1.milestone3_complete_yn = 'N' then
             for c2 in (
                select milestone3_label
                  from sp_project_scales
                 where scale_letter = c1.status_scale
                   and milestone3_label is not null
             ) loop
                 if l_proj_yn = 'N' then
                     x := x||l_project||chr(10)||'<ul>';
                     l_proj_yn := 'Y';
                 end if;
                 l_exceptions_yn := 'Y';
                 x := x||'<li>'|| apex_escape.html(c2.milestone3_label) ||' was due '|| to_char(c1.milestone3_complete_date,l_date_fm) ||'</li>'||chr(10);
             end loop;
        end if;
        if trunc(c1.milestone4_complete_date) < l_sysdate and c1.milestone4_complete_yn = 'N' then
             for c2 in (
                select milestone4_label
                  from sp_project_scales
                 where scale_letter = c1.status_scale
                   and milestone4_label is not null
             ) loop
                 if l_proj_yn = 'N' then
                     x := x||l_project||chr(10)||'<ul>';
                     l_proj_yn := 'Y';
                 end if;
                 l_exceptions_yn := 'Y';
                 x := x||'<li>'|| apex_escape.html(c2.milestone4_label) ||' was due '|| to_char(c1.milestone4_complete_date,l_date_fm) ||'</li>'||chr(10);
             end loop;
        end if;
        -- OVERDUE REVIEWS
        if c1.requires_reviews_yn = 'Y' then
            for c2 in (
                select (select first_name||' '||last_name from sp_team_members t where t.id = r.owner_id) reviewer,
                       (select review_type from sp_project_review_types rt where rt.id = r.review_type_id) type,
                       initcap(review_status) status,
                       trunc(review_date) review_date
                  from sp_project_reviews r
                 where project_id = c1.id
                   and review_status != 'COMPLETED'
                   and trunc(review_date) < l_sysdate
            ) loop
                if l_proj_yn = 'N' then
                    x := x||l_project||chr(10)||'<ul>';
                    l_proj_yn := 'Y';
                end if;
                l_exceptions_yn := 'Y';
                x := x||'<li>'||apex_escape.html(c2.type)||' Review by '||apex_escape.html(c2.reviewer)||' was targeted for '||to_char(c2.review_date,l_date_fm)||'</li>'||chr(10);
            end loop;
            -- REVIEWS WITHOUT DATES
            for c2 in (
                select (select first_name||' '||last_name from sp_team_members t where t.id = r.owner_id) reviewer,
                       (select review_type from sp_project_review_types rt where rt.id = r.review_type_id) type,
                       initcap(review_status) status
                  from sp_project_reviews r
                 where project_id = c1.id
                   and review_status != 'COMPLETED'
                   and review_date is null
            ) loop
                if l_proj_yn = 'N' then
                    x := x||l_project||chr(10)||'<ul>';
                    l_proj_yn := 'Y';
                end if;
                l_exceptions_yn := 'Y';
                x := x||'<li>'||apex_escape.html(c2.type)||' Review by '||apex_escape.html(c2.reviewer)||' has no target date</li>'||chr(10);
            end loop;
        end if;
        if l_proj_yn = 'Y' then
            x := x||'</ul>';
            l_proj_except_count := l_proj_except_count + 1;
        end if;   
        if l_proj_except_count = l_project_max_count and p_links = 'EMAIL' then
            x := x||'View more in application...';
            exit;
        end if;  
  
    end loop;
    -- END PROJECT EXCEPTIONS
    if l_exceptions_yn = 'N' then
       x := x||'No exceptions found';
    end if;
    return x;
end project_exceptions;
procedure project_changes (
    p_team_member_id     in number,
    p_frequency          in varchar2, -- WEEKLY, WEEKDAYS
    p_links              in varchar2 default 'NONE',
    p_apex_session       in varchar2 default null,
    p_changes_yn         out  varchar2,  -- if N changes, no email
    p_change_summary     out  clob ) 
is
    x                      clob := null;
    l_person               varchar2(255);
    l_email                varchar2(255);
    l_team_member_id       number;
    l_day                  varchar2(3) := to_char(sysdate,'DY');
    l_tsysdate             date        := trunc(sysdate);
    l_date_from            date;
    l_row_count            int := 0;
    l_last_project_id      number;
    l_proj_yn              varchar2(1) := 'N';
    l_max_change_count     int := 30;
    --
    -- support for links
    --
    l_project_label        varchar2(255);
    l_link_type            varchar2(30);
    l_project              varchar2(4000);
    l_url                  varchar2(4000);
    l_app_id               varchar2(4000);
    l_app_prefix_url       varchar2(4000);
begin
    --
    -- get settings
    --
    l_app_id            := sp_strategic_proj_util.get_setting('APP_ID');
    l_app_prefix_url    := sp_strategic_proj_util.get_setting('APP_PREFIX_URL');
    l_project_label     := sp_strategic_proj_util.get_nomenclature('PROJECT');
    --
    -- LINK TYPE
    --
    -- APP: generate links from within the current app requires p_apex_session
    -- EMAIL: generate fully qualified links
    --
    if p_links = 'APP' and p_apex_session is not null and l_app_id is not null then
       l_link_type := 'APP';
    elsif p_links = 'EMAIL' and l_app_id is not null then
       l_link_type := 'EMAIL';
    elsif p_links is null then
       l_link_type := 'NONE';
    end if;
    --
    -- TIMESPAN
    --
    if p_frequency = 'WEEKDAYS' and l_day != 'MON' 
       then l_date_from := l_tsysdate - 1;
    elsif p_frequency = 'WEEKDAYS' and l_day = 'MON'
       then l_date_from := l_tsysdate - 3;
    elsif p_frequency = 'WEEKLY' 
       then l_date_from := l_tsysdate - 7;
    end if;
    --
    -- NAME
    -- 
    for c1 in (
        select first_Name||' '||last_name name, email, id 
          from sp_team_members tm 
         where id = p_team_member_id
    ) loop 
        l_person := apex_escape.html(c1.name);
        l_team_member_id := c1.id;
    end loop;
    --
    -- HEADING
    --
    x := '<h3>'||l_project_label||' Change report for '||l_person||'</h3>'||chr(10);
    x := x||'Changes for projects you own or have favorited<br/>'||chr(10);
    x := x||'<strong>timeframe</strong>: '||case when p_frequency = 'WEEKDAYS' and l_day != 'MON'
                                                     then 'last day'
                                                 when p_frequency = 'WEEKDAYS' and l_day = 'MON'
                                                     then 'last 3 days'
                                                 when p_frequency = 'WEEKLY'
                                                     then 'last 7 days'
                                                 end ||'<br><br>';
    for c1 in ( 
        with fav as (select project_id from sp_favorites
                      where team_member_id = l_team_member_id)
        select pc.project_id,
               p.project,
               p.friendly_identifier,
               ' - '|| to_char(p.pct_complete) ||'% '|| p.project_size ||' P'||to_char(pp.priority) quick_summary,
               case when p.owner_id is not null then ' - '||(select first_name ||' '||last_name from sp_team_members where id = p.owner_id) end owner,
               --
               case when pc.attribute_column = 'TAGS' and pc.change_type = 'UPDATE'
                    then 'Tags, '||sp_strategic_proj_util.list_change (
                                        p_old_list => pc.old_value, 
                                        p_new_list => pc.new_value )||' '
                    when pc.change_type = 'CREATE'
                    then initcap(replace(pc.attribute_column,'_',' '))||' '||case when pc.attribute_column in ('COMMENT','LINK') then '"' end||
                            decode(pc.new_value,'Y','Yes','N','No',pc.new_value)||case when pc.attribute_column in ('COMMENT','LINK') then '"' end||' added '
                    when pc.change_type = 'DELETE'
                    then initcap(replace(pc.attribute_column,'_',' '))||' '||case when pc.attribute_column in ('COMMENT','LINK') then '"' end||
                             decode(pc.old_value,'Y','Yes','N','No',pc.old_value)||case when pc.attribute_column in ('COMMENT','LINK') then '"' end||' deleted '
                    else initcap(replace(pc.attribute_column,'_',' '))||
                             ' changed from "'||nvl(decode(pc.old_value,'Y','Yes','N','No',pc.old_value),'NULL')||'" to "'||
                                                nvl(decode(pc.new_value,'Y','Yes','N','No',pc.new_value),'NULL')||'" '
                    end ||
                    apex_util.get_since(pc.changed_on) || ' by ' || pc.changed_by change,
               --
               case when p.owner_id = l_team_member_id then 1 else 0 end ob1,
               pp.priority ob2,
               p.pct_complete ob3,
               pc.project_id ob4,
               pc.changed_on ob5
          from sp_project_history pc,
               sp_projects p, 
               sp_project_priorities pp
         where pc.project_id = p.id
           and p.priority_id = pp.id
           and (p.owner_id = l_team_member_id or 
                p.id in (select project_id from fav) )
               and pc.changed_on > l_date_from
         order by ob1, ob2, ob3 desc, ob4, ob5 desc
    ) loop
        if l_last_project_id is null or l_last_project_id != c1.project_id then
            -- CREATE PROJECT HEADER TO BREAK ON
            if l_link_type = 'APP' then
               l_url := apex_util.prepare_url('f?p='||l_app_id||':3:'||p_apex_session||'::NO:3:FI:'||apex_escape.html(c1.friendly_identifier));
               l_project := '<a href="'||l_url||'"><strong>'||apex_escape.html(c1.project)||'</strong></a>';
            elsif l_link_type = 'EMAIL' then
               l_url := apex_page.get_url(
                            p_application => l_app_id,
                            p_page        => 3,
                            p_session     => null,
                            p_items       => 'FI',
                            p_values      => c1.friendly_identifier,
                            p_plain_url   => TRUE );
               l_url := l_app_prefix_url || l_url; 
               l_project := '<a href="'||l_url||'"><strong>'||apex_escape.html(c1.project)||'</strong></a>';
            else
               l_project := '<strong>'||apex_escape.html(c1.project)||'</strong>';
            end if;
            if l_row_count = 0 then
                x := x|| l_project || apex_escape.html(c1.owner) || apex_escape.html(c1.quick_summary) ||'<ul>'||chr(10);
            else
                x := x||'</ul>'|| l_project || apex_escape.html(c1.owner) || apex_escape.html(c1.quick_summary) ||'<ul>'||chr(10);
            end if;
        end if;
        x := x||'<li>'||apex_escape.html(c1.change)||'</li>'||chr(10);
        l_last_project_id := c1.project_id;
        l_row_count := l_row_count + 1;
        if p_links = 'EMAIL' and l_row_count = l_max_change_count then
           x := x||'View more in application...';
           exit;
        end if;
    end loop;
    if l_row_count = 0 then
       p_changes_yn := 'N';
       p_change_summary := null;
    else
       x := x||'</ul>';
       p_changes_yn := 'Y';
       p_change_summary := x;
    end if;
end project_changes;
end sp_contributor_summary;
/]]></n0:source>
		</n0:createOraclePackageBody>
	</changeSet>
</databaseChangeLog>
