<?xml version="1.0" encoding="UTF-8"?>
<databaseChangeLog 
	xmlns="http://www.liquibase.org/xml/ns/dbchangelog" 
	xmlns:xsi="http://www.w3.org/2001/XMLSchema-instance" 
	xmlns:n0="http://www.oracle.com/xml/ns/dbchangelog-ext" 
	xsi:schemaLocation="http://www.liquibase.org/xml/ns/dbchangelog 
	http://www.liquibase.org/xml/ns/dbchangelog/dbchangelog-latest.xsd">
	<changeSet id="158b2e584182ea64276623752d2c8d2a129ffd73" author="(PEOPLE_ANALYTICS)-Generated" failOnError="false"   runOnChange="false" runAlways="false"  >
		<n0:createOraclePackageBody objectName="SP_PROJ_STATUS_UI" objectType="PACKAGE_BODY" ownerName="PEOPLE_ANALYTICS"  replaceIfExists="false" >
			<n0:source><![CDATA[CREATE OR REPLACE EDITIONABLE PACKAGE BODY "%USER_NAME%"."SP_PROJ_STATUS_UI" as
g_app_user       varchar2(255) := v('APP_USER');
g_application_id number        := v('APP_ID');
g_app_session    varchar2(255) := v('APP_SESSION');
g_is_contributor boolean       := false;
g_security_set   boolean       := false;
procedure set_is_contributor 
is 
begin
    g_is_contributor := APEX_ACL.HAS_USER_ROLE (
       p_application_id  => g_application_id,
       p_user_name       => g_app_user,
       p_role_static_id  => 'ADMINISTRATOR');
    if not g_is_contributor then
        g_is_contributor := APEX_ACL.HAS_USER_ROLE (
        p_application_id  => g_application_id,
        p_user_name       => g_app_user,
        p_role_static_id  => 'CONTRIBUTOR');
    end if;
    g_security_set := true;
end set_is_contributor;
function get_contributors (
    p_project_id   in number)
    return varchar2
is
    x               varchar2(32767) := null;
    l_url           varchar2(4000) := '#';
    l_break         varchar2(255)  := '.';
    l_last_break    varchar2(255)  := '..';
    l_sep           varchar2(8)    := ', ';
    l_row_count     int            := 0;
begin
    if not g_security_set then set_is_contributor; end if;
    x := null;
    for c1 in (
        select c.id contributor_id,
               c.PROJECT_ID,
               c.TEAM_MEMBER_ID,
               c.RESPONSIBILITY_ID,
               t.first_name||' '||t.last_name contributor,
               r.resource_type||':' resource_type,
               c.id
        from   SP_PROJECT_CONTRIBUTORS c, 
               SP_TEAM_MEMBERS t,
               SP_RESOURCE_TYPES r
        where  c.TEAM_MEMBER_ID = t.id and 
               c.RESPONSIBILITY_ID = r.id and
               c.project_id = p_project_id
        order by resource_type, t.first_name||' '||t.last_name
        ) loop
        --
        if l_last_break != c1.resource_type then
            l_break := c1.resource_type;
            if l_row_count > 0 then
               l_sep := '<br>';
            else
               l_sep := '';
            end if;
        else
            l_break := null;
            l_sep := ', ';
        end if;
        l_row_count := l_row_count + 1;
        if l_row_count = 1 then x := x||'Contributors:<br>'; end if;
        --
        if g_is_contributor then 
            l_url := '#';
            if nvl(length(x),0) < 2200 then 
               l_url := apex_util.prepare_url (
                  p_url => 'f?p='||g_application_id||':9:'||g_app_session||':::9:P9_ID:'||c1.id,
                  p_checksum_type => 'SESSION');
            end if;
            x := x||l_sep||apex_escape.html(l_break)||' <a href="'||l_url||'">'||apex_escape.html(c1.contributor)||'</a>';
        else 
            x := x||l_sep||apex_escape.html(l_break)||' '||apex_escape.html(c1.contributor);
        end if;
        --
        l_last_break := c1.resource_type;
    end loop;
    --
    --
    if x is null then 
       x := 'None';
    end if;
    return x;
end get_contributors;
function get_reviewers (
    p_project_id   in number)
    return varchar2
is
    x               varchar2(4000) := null;
    l_url           varchar2(4000) := '#';
    l_break         varchar2(255)  := '.';
    l_last_break    varchar2(255)  := '..';
    l_sep           varchar2(8)    := ', ';
    l_row_count     int            := 0;
begin
    if not g_security_set then set_is_contributor; end if;
    for c1 in (
        select t.first_name||' '||t.last_name reviewer,
               rt.review_type||':'            review_type,
               initcap(r.review_status)       review_status,
               r.id
        from   SP_PROJECT_REVIEWS r, 
               SP_TEAM_MEMBERS t,
               SP_PROJECT_REVIEW_TYPES rt
        where  r.OWNER_ID = t.id and 
               r.REVIEW_TYPE_ID = rt.id and
               r.project_id = p_project_id
        order by rt.review_type, t.first_name||' '||t.last_name
        ) loop
        l_row_count := l_row_count + 1;
        if l_row_count = 1 then x := x||'Reviewers:<br>'; end if;
        --
        if l_last_break != c1.review_type then
            l_break := c1.review_type;
            if l_row_count > 1 then
               l_sep := '<br>';
            else
               l_sep := null;
            end if;
        else
            l_break := null;
            l_sep := ', ';
        end if;
        --
        if g_is_contributor then  
            l_url := '#';
            if nvl(length(x),0) < 2200 then 
               l_url := apex_util.prepare_url (
                  p_url => 'f?p='||g_application_id||':11:'||g_app_session||':::11:P11_ID:'||c1.id,
                  p_checksum_type => 'SESSION');
            end if;
            x := x||l_sep||apex_escape.html(l_break)||' '||apex_escape.html(c1.reviewer)||' <strong><a href="'||l_url||'">'||apex_escape.html(c1.review_status)||'</a></strong>';
        else
            x := x||l_sep||apex_escape.html(l_break)||' '||apex_escape.html(c1.reviewer)||' <strong>'||apex_escape.html(c1.review_status)||'</strong>';
        end if;
        --
        l_last_break := c1.review_type;
    end loop;
    --
    --
    --
    if x is null then 
       x := 'None';
    end if;
    return x;
end get_reviewers;
function get_contributor_names (
    p_project_id   in number)
    return varchar2
is
    x               varchar2(4000) := null;
begin
    for c1 in (
        select t.first_name||' '||t.last_name name
        from   SP_PROJECT_CONTRIBUTORS c, 
               SP_TEAM_MEMBERS t
        where  c.TEAM_MEMBER_ID = t.id and
               c.project_id = p_project_id  
    ) loop
        x := x||replace(c1.name,',',' ')||',';
    end loop;
    if x is null then 
       x := 'No Contributors';
    end if;
    return rtrim (x,',');
end get_contributor_names;
function get_reviewer_names (
    p_project_id   in number)
    return varchar2
is
    x               varchar2(4000) := null;
begin
    for c1 in (
        select t.first_name||' '||t.last_name name
        from   SP_PROJECT_REVIEWS r, 
               SP_TEAM_MEMBERS t
        where  r.OWNER_ID = t.id and
               r.project_id = p_project_id
    ) loop
        x := x||replace(c1.name,',',' ')||',';
    end loop;
    if x is null then 
       x := 'No Reviewers';
    end if;
    return rtrim (x,',');
end get_reviewer_names;
function get_names (
    p_project_id   in number)
    return varchar2
is
    x               varchar2(4000) := null;
begin
    for c1 in (
        select t.first_name||' '||t.last_name name
        from   SP_PROJECT_REVIEWS r, 
               SP_TEAM_MEMBERS t
        where  r.OWNER_ID = t.id and
               r.project_id = p_project_id
        union  
        select t.first_name||' '||t.last_name name
        from   SP_PROJECT_CONTRIBUTORS c, 
               SP_TEAM_MEMBERS t
        where  c.TEAM_MEMBER_ID = t.id and
               c.project_id = p_project_id  
    ) loop
        x := x||replace(c1.name,',',' ')||',';
    end loop;
    if x is null then 
       x := 'None';
    end if;
    return rtrim (x,',');
end get_names;
function get_review_types (
    p_project_id   in number)
    return varchar2
is
    x               varchar2(4000) := null;
begin
    for c1 in (
        select distinct rt.review_type
        from   SP_PROJECT_REVIEWS r, 
               SP_PROJECT_REVIEW_TYPES rt
        where  
               r.REVIEW_TYPE_ID = rt.id and
               r.project_id = p_project_id
        ) loop
        x := x||replace(c1.review_type,',',' ')||',';
    end loop;
    if x is null then 
       x := 'None';
    end if;
    return rtrim (x,',');
end get_review_types;
function get_review_status (
    p_project_id   in number)
    return varchar2
is
    x               varchar2(4000) := null;
begin
    for c1 in (
        select distinct initcap(nvl(REVIEW_STATUS,'UNKNOWN')) REVIEW_STATUS
        from   SP_PROJECT_REVIEWS r
        where  r.project_id = p_project_id
        ) loop
        x := x||replace(c1.REVIEW_STATUS,',',' ')||',';
    end loop;
    if x is null then 
       x := 'None';
    end if;
    return rtrim (x,',');
end get_review_status;
end sp_proj_status_ui;
/]]></n0:source>
		</n0:createOraclePackageBody>
	</changeSet>
</databaseChangeLog>
