<?xml version="1.0" encoding="UTF-8"?>
<!--

-->
<databaseChangeLog 
        xmlns="http://www.liquibase.org/xml/ns/dbchangelog" 
        xmlns:xsi="http://www.w3.org/2001/XMLSchema-instance" 
        xmlns:n0="http://www.oracle.com/xml/ns/dbchangelog-ext" 
        xsi:schemaLocation="http://www.liquibase.org/xml/ns/dbchangelog 
        http://www.liquibase.org/xml/ns/dbchangelog/dbchangelog-latest.xsd">
  <include file="sequence/eba_qpoll_seq_sequence.xml"/> 
  <include file="sequence/mdrs_4bd34$_sequence.xml"/> 
  <include file="sequence/mdrs_4bd3d$_sequence.xml"/> 
  <include file="sequence/mdrs_4bd44$_sequence.xml"/> 
  <include file="sequence/sp_seq_sequence.xml"/> 
  <include file="table/absentismo_table.xml"/> 
  <include file="table/centros_table.xml"/> 
  <include file="table/centros_geo_table.xml"/> 
  <include file="table/centros_jsn_table.xml"/> 
  <include file="table/centros_sdo_table.xml"/> 
  <include file="table/eba_demo_chart_bball_table.xml"/> 
  <include file="table/eba_demo_chart_dept_table.xml"/> 
  <include file="table/eba_demo_chart_emp_table.xml"/> 
  <include file="table/eba_demo_chart_grades_table.xml"/> 
  <include file="table/eba_demo_chart_orders_table.xml"/> 
  <include file="table/eba_demo_chart_population_table.xml"/> 
  <include file="table/eba_demo_chart_products_table.xml"/> 
  <include file="table/eba_demo_chart_projects_table.xml"/> 
  <include file="table/eba_demo_chart_samples_table.xml"/> 
  <include file="table/eba_demo_chart_sample_data_table.xml"/> 
  <include file="table/eba_demo_chart_sample_names_table.xml"/> 
  <include file="table/eba_demo_chart_stats_table.xml"/> 
  <include file="table/eba_demo_chart_stocks_table.xml"/> 
  <include file="table/eba_demo_chart_tasks_table.xml"/> 
  <include file="table/eba_qpoll_access_requests_table.xml"/> 
  <include file="table/eba_qpoll_application_log_table.xml"/> 
  <include file="table/eba_qpoll_canned_answers_table.xml"/> 
  <include file="table/eba_qpoll_comm_invites_table.xml"/> 
  <include file="table/eba_qpoll_emails_table.xml"/> 
  <include file="table/eba_qpoll_email_opt_out_table.xml"/> 
  <include file="table/eba_qpoll_errors_table.xml"/> 
  <include file="table/eba_qpoll_error_log_table.xml"/> 
  <include file="table/eba_qpoll_history_table.xml"/> 
  <include file="table/eba_qpoll_invites_table.xml"/> 
  <include file="table/eba_qpoll_notifications_table.xml"/> 
  <include file="table/eba_qpoll_polls_table.xml"/> 
  <include file="table/eba_qpoll_preferences_table.xml"/> 
  <include file="table/eba_qpoll_questions_table.xml"/> 
  <include file="table/eba_qpoll_respondents_table.xml"/> 
  <include file="table/eba_qpoll_resp_communities_table.xml"/> 
  <include file="table/eba_qpoll_resp_comm_ref_table.xml"/> 
  <include file="table/eba_qpoll_results_table.xml"/> 
  <include file="table/eba_qpoll_result_details_table.xml"/> 
  <include file="table/eba_qpoll_sections_table.xml"/> 
  <include file="table/eba_qpoll_user_log_table.xml"/> 
  <include file="table/eba_sample_map_airports_table.xml"/> 
  <include file="table/eba_sample_map_simple_states_table.xml"/> 
  <include file="table/eba_sample_map_states_table.xml"/> 
  <include file="table/empleados_table.xml"/> 
  <include file="table/empleados_fechas_table.xml"/> 
  <include file="table/map_comunidades_table.xml"/> 
  <include file="table/map_comunidades_tmp_table.xml"/> 
  <include file="table/map_countries_table.xml"/> 
  <include file="table/mdrt_4bd34$_table.xml"/> 
  <include file="table/mdrt_4bd3d$_table.xml"/> 
  <include file="table/mdrt_4bd44$_table.xml"/> 
  <include file="table/salarios_table.xml"/> 
  <include file="table/sp_activities_table.xml"/> 
  <include file="table/sp_activity_types_table.xml"/> 
  <include file="table/sp_application_notifications_table.xml"/> 
  <include file="table/sp_app_nomenclature_table.xml"/> 
  <include file="table/sp_app_pages_table.xml"/> 
  <include file="table/sp_app_settings_table.xml"/> 
  <include file="table/sp_competencies_table.xml"/> 
  <include file="table/sp_configurable_text_table.xml"/> 
  <include file="table/sp_contributor_checklist_table.xml"/> 
  <include file="table/sp_countries_table.xml"/> 
  <include file="table/sp_default_people_tags_table.xml"/> 
  <include file="table/sp_default_tags_table.xml"/> 
  <include file="table/sp_external_ticketing_systems_table.xml"/> 
  <include file="table/sp_favorites_table.xml"/> 
  <include file="table/sp_focus_areas_table.xml"/> 
  <include file="table/sp_groups_table.xml"/> 
  <include file="table/sp_group_members_table.xml"/> 
  <include file="table/sp_initiatives_table.xml"/> 
  <include file="table/sp_initiative_comments_table.xml"/> 
  <include file="table/sp_initiative_documents_table.xml"/> 
  <include file="table/sp_initiative_links_table.xml"/> 
  <include file="table/sp_notifications_table.xml"/> 
  <include file="table/sp_notification_subscriptions_table.xml"/> 
  <include file="table/sp_projects_table.xml"/> 
  <include file="table/sp_project_comments_table.xml"/> 
  <include file="table/sp_project_comments_emails_table.xml"/> 
  <include file="table/sp_project_contributors_table.xml"/> 
  <include file="table/sp_project_documents_table.xml"/> 
  <include file="table/sp_project_history_table.xml"/> 
  <include file="table/sp_project_links_table.xml"/> 
  <include file="table/sp_project_priorities_table.xml"/> 
  <include file="table/sp_project_related_table.xml"/> 
  <include file="table/sp_project_reviews_table.xml"/> 
  <include file="table/sp_project_review_types_table.xml"/> 
  <include file="table/sp_project_scales_table.xml"/> 
  <include file="table/sp_project_sizes_table.xml"/> 
  <include file="table/sp_proj_interactions_log_table.xml"/> 
  <include file="table/sp_release_comments_table.xml"/> 
  <include file="table/sp_release_documents_table.xml"/> 
  <include file="table/sp_release_history_table.xml"/> 
  <include file="table/sp_release_links_table.xml"/> 
  <include file="table/sp_release_milestones_table.xml"/> 
  <include file="table/sp_release_trains_table.xml"/> 
  <include file="table/sp_resource_types_table.xml"/> 
  <include file="table/sp_team_members_table.xml"/> 
  <include file="table/ws_comunidades_table.xml"/> 
  <include file="table/ws_precios_carburantes_table.xml"/> 
  <include file="ref_constraint/eba_demo_chart_order_fk_ref_constraint.xml"/> 
  <include file="ref_constraint/eba_demo_chart_tasks_fk_ref_constraint.xml"/> 
  <include file="ref_constraint/eba_demo_sample_fk_ref_constraint.xml"/> 
  <include file="ref_constraint/eba_qpoll_comm_invites_fk1_ref_constraint.xml"/> 
  <include file="ref_constraint/eba_qpoll_comm_invites_fk2_ref_constraint.xml"/> 
  <include file="ref_constraint/eba_qpoll_email_opt_out_fk_ref_constraint.xml"/> 
  <include file="ref_constraint/eba_qpoll_invites_fk1_ref_constraint.xml"/> 
  <include file="ref_constraint/eba_qpoll_invites_fk2_ref_constraint.xml"/> 
  <include file="ref_constraint/eba_qpoll_invites_fk3_ref_constraint.xml"/> 
  <include file="ref_constraint/eba_qpoll_ques_fk_ref_constraint.xml"/> 
  <include file="ref_constraint/eba_qpoll_ques_fk2_ref_constraint.xml"/> 
  <include file="ref_constraint/eba_qpoll_rep_comm_ref_fk1_ref_constraint.xml"/> 
  <include file="ref_constraint/eba_qpoll_rep_comm_ref_fk2_ref_constraint.xml"/> 
  <include file="ref_constraint/eba_qpoll_results_fk_ref_constraint.xml"/> 
  <include file="ref_constraint/eba_qpoll_result_det_fk_ref_constraint.xml"/> 
  <include file="ref_constraint/eba_qpoll_sec_fk_ref_constraint.xml"/> 
  <include file="ref_constraint/sp_activities_initiative_fk_ref_constraint.xml"/> 
  <include file="ref_constraint/sp_activities_person_fk_ref_constraint.xml"/> 
  <include file="ref_constraint/sp_activities_project_fk_ref_constraint.xml"/> 
  <include file="ref_constraint/sp_activities_type_fk_ref_constraint.xml"/> 
  <include file="ref_constraint/sp_external_ticketing_system_ini_fk_ref_constraint.xml"/> 
  <include file="ref_constraint/sp_fav_to_proj_fk_ref_constraint.xml"/> 
  <include file="ref_constraint/sp_fav_to_user_fk_ref_constraint.xml"/> 
  <include file="ref_constraint/sp_focus_areas_owner_fk_ref_constraint.xml"/> 
  <include file="ref_constraint/sp_groups_fk_ref_constraint.xml"/> 
  <include file="ref_constraint/sp_initiatives_focus_area_i_fk_ref_constraint.xml"/> 
  <include file="ref_constraint/sp_initiatives_scale_fk_ref_constraint.xml"/> 
  <include file="ref_constraint/sp_initiatives_sponsor_fk_ref_constraint.xml"/> 
  <include file="ref_constraint/sp_initiative_commments_fk_ref_constraint.xml"/> 
  <include file="ref_constraint/sp_initiative_doc_ini_id_fk_ref_constraint.xml"/> 
  <include file="ref_constraint/sp_initiative_links_to_int_fk_ref_constraint.xml"/> 
  <include file="ref_constraint/sp_notification_sub_notif_fk_ref_constraint.xml"/> 
  <include file="ref_constraint/sp_notification_sub_release_fk_ref_constraint.xml"/> 
  <include file="ref_constraint/sp_notification_sub_tm_fk_ref_constraint.xml"/> 
  <include file="ref_constraint/sp_projects_initiative_fk_ref_constraint.xml"/> 
  <include file="ref_constraint/sp_projects_owner_fk_ref_constraint.xml"/> 
  <include file="ref_constraint/sp_projects_priority_fk_ref_constraint.xml"/> 
  <include file="ref_constraint/sp_projects_release_fk_ref_constraint.xml"/> 
  <include file="ref_constraint/sp_projects_review_owner_fk_ref_constraint.xml"/> 
  <include file="ref_constraint/sp_projects_scale_fk_ref_constraint.xml"/> 
  <include file="ref_constraint/sp_project_comm_proj_id_fk_ref_constraint.xml"/> 
  <include file="ref_constraint/sp_project_cont_project_id_fk_ref_constraint.xml"/> 
  <include file="ref_constraint/sp_project_cont_team_member_fk_ref_constraint.xml"/> 
  <include file="ref_constraint/sp_project_cont_to_resp_fk_ref_constraint.xml"/> 
  <include file="ref_constraint/sp_project_doc_proj_id_fk_ref_constraint.xml"/> 
  <include file="ref_constraint/sp_project_history_proj_fk_ref_constraint.xml"/> 
  <include file="ref_constraint/sp_project_links_proj_fk_ref_constraint.xml"/> 
  <include file="ref_constraint/sp_project_relate_project_id_fk_ref_constraint.xml"/> 
  <include file="ref_constraint/sp_project_relto_project_id_fk_ref_constraint.xml"/> 
  <include file="ref_constraint/sp_project_review_project_id_fk_ref_constraint.xml"/> 
  <include file="ref_constraint/sp_project_review_type_id_fk_ref_constraint.xml"/> 
  <include file="ref_constraint/sp_proj_comment_em_id_fk_ref_constraint.xml"/> 
  <include file="ref_constraint/sp_proj_interactions_log_fk_ref_constraint.xml"/> 
  <include file="ref_constraint/sp_release_comm_proj_id_fk_ref_constraint.xml"/> 
  <include file="ref_constraint/sp_release_doc_ini_id_fk_ref_constraint.xml"/> 
  <include file="ref_constraint/sp_release_history_fk_ref_constraint.xml"/> 
  <include file="ref_constraint/sp_release_links_to_rel_fk_ref_constraint.xml"/> 
  <include file="ref_constraint/sp_release_trains_owner_fk_ref_constraint.xml"/> 
  <include file="ref_constraint/sp_rel_milestone_to_release_fk_ref_constraint.xml"/> 
  <include file="ref_constraint/sp_team_group_members_tmfk_ref_constraint.xml"/> 
  <include file="ref_constraint/sys_c0063507_ref_constraint.xml"/> 
  <include file="package_spec/eba_qpoll_package_spec.xml"/> 
  <include file="package_spec/eba_qpoll_account_package_spec.xml"/> 
  <include file="package_spec/eba_qpoll_email_package_spec.xml"/> 
  <include file="package_spec/eba_qpoll_fw_package_spec.xml"/> 
  <include file="package_spec/eba_qpoll_quiz_package_spec.xml"/> 
  <include file="package_spec/sp_contributor_summary_package_spec.xml"/> 
  <include file="package_spec/sp_log_package_spec.xml"/> 
  <include file="package_spec/sp_proj_status_ui_package_spec.xml"/> 
  <include file="package_spec/sp_release_timeline_package_spec.xml"/> 
  <include file="package_spec/sp_strategic_proj_util_package_spec.xml"/> 
  <include file="package_spec/sp_value_compare_package_spec.xml"/> 
  <include file="function/sp_date_range_pct_comp_function.xml"/> 
  <include file="function/sp_tag_diff_function.xml"/> 
  <include file="procedure/eba_demo_chart_data_procedure.xml"/> 
  <include file="procedure/eba_sample_map_load_data_procedure.xml"/> 
  <include file="procedure/sp_favorite_toggle_procedure.xml"/> 
  <include file="index/eba_demo_chart_bball_1_index.xml"/> 
  <include file="index/eba_demo_chart_emp_1_index.xml"/> 
  <include file="index/eba_demo_chart_emp_2_index.xml"/> 
  <include file="index/eba_demo_chart_ord_1_index.xml"/> 
  <include file="index/eba_demo_chart_ord_2_index.xml"/> 
  <include file="index/eba_demo_chart_prod_1_index.xml"/> 
  <include file="index/eba_demo_chart_sample_idx1_index.xml"/> 
  <include file="index/eba_demo_chart_stats_1_index.xml"/> 
  <include file="index/eba_demo_chart_stats_2_index.xml"/> 
  <include file="index/eba_demo_chart_stats_3_index.xml"/> 
  <include file="index/eba_demo_chart_tasks_idx1_index.xml"/> 
  <include file="index/eba_qpoll_access_req_i1_index.xml"/> 
  <include file="index/eba_qpoll_app_log_i1_index.xml"/> 
  <include file="index/eba_qpoll_canned_answers_i1_index.xml"/> 
  <include file="index/eba_qpoll_canned_answers_i2_index.xml"/> 
  <include file="index/eba_qpoll_comm_invites_i1_index.xml"/> 
  <include file="index/eba_qpoll_emails_i1_index.xml"/> 
  <include file="index/eba_qpoll_emails_i2_index.xml"/> 
  <include file="index/eba_qpoll_emails_i3_index.xml"/> 
  <include file="index/eba_qpoll_emails_i4_index.xml"/> 
  <include file="index/eba_qpoll_email_opt_out_i1_index.xml"/> 
  <include file="index/eba_qpoll_errors_i1_index.xml"/> 
  <include file="index/eba_qpoll_error_log_i1_index.xml"/> 
  <include file="index/eba_qpoll_history_i1_index.xml"/> 
  <include file="index/eba_qpoll_invites_i1_index.xml"/> 
  <include file="index/eba_qpoll_invites_i2_index.xml"/> 
  <include file="index/eba_qpoll_invites_i3_index.xml"/> 
  <include file="index/eba_qpoll_polls_i1_index.xml"/> 
  <include file="index/eba_qpoll_preferences_uk_index.xml"/> 
  <include file="index/eba_qpoll_questions_i1_index.xml"/> 
  <include file="index/eba_qpoll_respondents_uk_index.xml"/> 
  <include file="index/eba_qpoll_resp_comm_ref_i1_index.xml"/> 
  <include file="index/eba_qpoll_resp_comm_ref_uk_index.xml"/> 
  <include file="index/eba_qpoll_resp_comm_uk_index.xml"/> 
  <include file="index/eba_qpoll_results_i1_index.xml"/> 
  <include file="index/eba_qpoll_results_i2_index.xml"/> 
  <include file="index/eba_qpoll_results_i3_index.xml"/> 
  <include file="index/eba_qpoll_results_i4_index.xml"/> 
  <include file="index/eba_qpoll_results_i5_index.xml"/> 
  <include file="index/eba_qpoll_result_det_i1_index.xml"/> 
  <include file="index/eba_qpoll_result_det_i10_index.xml"/> 
  <include file="index/eba_qpoll_result_det_i11_index.xml"/> 
  <include file="index/eba_qpoll_result_det_i12_index.xml"/> 
  <include file="index/eba_qpoll_result_det_i13_index.xml"/> 
  <include file="index/eba_qpoll_result_det_i14_index.xml"/> 
  <include file="index/eba_qpoll_result_det_i2_index.xml"/> 
  <include file="index/eba_qpoll_result_det_i3_index.xml"/> 
  <include file="index/eba_qpoll_result_det_i4_index.xml"/> 
  <include file="index/eba_qpoll_result_det_i5_index.xml"/> 
  <include file="index/eba_qpoll_result_det_i6_index.xml"/> 
  <include file="index/eba_qpoll_result_det_i7_index.xml"/> 
  <include file="index/eba_qpoll_result_det_i8_index.xml"/> 
  <include file="index/eba_qpoll_result_det_i9_index.xml"/> 
  <include file="index/eba_qpoll_sections_i1_index.xml"/> 
  <include file="index/eba_qpoll_user_log_i1_index.xml"/> 
  <include file="index/eba_sample_map_airports_sx_index.xml"/> 
  <include file="index/eba_sample_map_simplestates_sx_index.xml"/> 
  <include file="index/eba_sample_map_states_sx_index.xml"/> 
  <include file="index/sp_activities_i1_index.xml"/> 
  <include file="index/sp_activities_i2_index.xml"/> 
  <include file="index/sp_activities_i3_index.xml"/> 
  <include file="index/sp_activities_i4_index.xml"/> 
  <include file="index/sp_activities_i5_index.xml"/> 
  <include file="index/sp_activities_i6_index.xml"/> 
  <include file="index/sp_application_notifications_u1_index.xml"/> 
  <include file="index/sp_app_nomenclature_u1_index.xml"/> 
  <include file="index/sp_app_settings_uk_index.xml"/> 
  <include file="index/sp_competencies_i1_index.xml"/> 
  <include file="index/sp_countries_i1_index.xml"/> 
  <include file="index/sp_countries_i2_index.xml"/> 
  <include file="index/sp_default_people_tags_u1_index.xml"/> 
  <include file="index/sp_default_tags_u1_index.xml"/> 
  <include file="index/sp_favorites_i1_index.xml"/> 
  <include file="index/sp_focus_areas_i1_index.xml"/> 
  <include file="index/sp_focus_areas_u1_index.xml"/> 
  <include file="index/sp_groups_i1_index.xml"/> 
  <include file="index/sp_group_members_i1_index.xml"/> 
  <include file="index/sp_group_members_u1_index.xml"/> 
  <include file="index/sp_initiatives_i1_index.xml"/> 
  <include file="index/sp_initiatives_i2_index.xml"/> 
  <include file="index/sp_initiatives_i3_index.xml"/> 
  <include file="index/sp_initiatives_u1_index.xml"/> 
  <include file="index/sp_initiative_comments_i1_index.xml"/> 
  <include file="index/sp_initiative_comments_i2_index.xml"/> 
  <include file="index/sp_initiative_documents_i1_index.xml"/> 
  <include file="index/sp_initiative_documents_i2_index.xml"/> 
  <include file="index/sp_initiative_documents_i3_index.xml"/> 
  <include file="index/sp_initiative_links_i1_index.xml"/> 
  <include file="index/sp_initiative_links_u1_index.xml"/> 
  <include file="index/sp_initiative_links_u2_index.xml"/> 
  <include file="index/sp_notifications_u1_index.xml"/> 
  <include file="index/sp_notification_subscriptions_i1_index.xml"/> 
  <include file="index/sp_notification_subscriptions_i2_index.xml"/> 
  <include file="index/sp_notification_subscriptions_u1_index.xml"/> 
  <include file="index/sp_projects_i1_index.xml"/> 
  <include file="index/sp_projects_i2_index.xml"/> 
  <include file="index/sp_projects_i3_index.xml"/> 
  <include file="index/sp_projects_i4_index.xml"/> 
  <include file="index/sp_projects_i5_index.xml"/> 
  <include file="index/sp_projects_i6_index.xml"/> 
  <include file="index/sp_projects_i7_index.xml"/> 
  <include file="index/sp_projects_i8_index.xml"/> 
  <include file="index/sp_projects_u1_index.xml"/> 
  <include file="index/sp_projects_u2_index.xml"/> 
  <include file="index/sp_project_comments_i1_index.xml"/> 
  <include file="index/sp_project_comments_i2_index.xml"/> 
  <include file="index/sp_project_comments_i3_index.xml"/> 
  <include file="index/sp_project_comm_emails_i1_index.xml"/> 
  <include file="index/sp_project_comm_emails_i2_index.xml"/> 
  <include file="index/sp_project_contributors_i4_index.xml"/> 
  <include file="index/sp_project_contributors_u1_index.xml"/> 
  <include file="index/sp_project_contrib_i1_index.xml"/> 
  <include file="index/sp_project_contrib_i2_index.xml"/> 
  <include file="index/sp_project_contrib_i3_index.xml"/> 
  <include file="index/sp_project_documents_i1_index.xml"/> 
  <include file="index/sp_project_documents_i2_index.xml"/> 
  <include file="index/sp_project_documents_i3_index.xml"/> 
  <include file="index/sp_project_history_i1_index.xml"/> 
  <include file="index/sp_project_history_i2_index.xml"/> 
  <include file="index/sp_project_links_i1_index.xml"/> 
  <include file="index/sp_project_links_i2_index.xml"/> 
  <include file="index/sp_project_links_i3_index.xml"/> 
  <include file="index/sp_project_priorities_u1_index.xml"/> 
  <include file="index/sp_project_related_i1_index.xml"/> 
  <include file="index/sp_project_related_i2_index.xml"/> 
  <include file="index/sp_project_reviews_i1_index.xml"/> 
  <include file="index/sp_project_reviews_i2_index.xml"/> 
  <include file="index/sp_project_reviews_i3_index.xml"/> 
  <include file="index/sp_project_reviews_i4_index.xml"/> 
  <include file="index/sp_project_reviews_u1_index.xml"/> 
  <include file="index/sp_project_review_types_u1_index.xml"/> 
  <include file="index/sp_project_review_types_u2_index.xml"/> 
  <include file="index/sp_project_review_types_u3_index.xml"/> 
  <include file="index/sp_project_scale_uk_index.xml"/> 
  <include file="index/sp_project_sizes_u1_index.xml"/> 
  <include file="index/sp_project_sizes_u2_index.xml"/> 
  <include file="index/sp_proj_interactions_log_i1_index.xml"/> 
  <include file="index/sp_proj_interactions_log_i2_index.xml"/> 
  <include file="index/sp_release_comments_i1_index.xml"/> 
  <include file="index/sp_release_comments_i2_index.xml"/> 
  <include file="index/sp_release_documents_i1_index.xml"/> 
  <include file="index/sp_release_documents_i2_index.xml"/> 
  <include file="index/sp_release_documents_i3_index.xml"/> 
  <include file="index/sp_release_history_i1_index.xml"/> 
  <include file="index/sp_release_history_i2_index.xml"/> 
  <include file="index/sp_release_links_i1_index.xml"/> 
  <include file="index/sp_release_links_u1_index.xml"/> 
  <include file="index/sp_release_milestones_i1_index.xml"/> 
  <include file="index/sp_release_trains_u1_index.xml"/> 
  <include file="index/sp_resource_types_u1_index.xml"/> 
  <include file="index/sp_resource_types_u2_index.xml"/> 
  <include file="index/sp_team_members_i1_index.xml"/> 
  <include file="index/sp_team_members_u1_index.xml"/> 
  <include file="index/sp_team_members_u2_index.xml"/> 
  <include file="index/sp_team_members_u3_index.xml"/> 
  <include file="trigger/biu_eba_demo_chart_bball_trigger.xml"/> 
  <include file="trigger/biu_eba_demo_chart_orders_trigger.xml"/> 
  <include file="trigger/biu_eba_demo_chart_pop_trigger.xml"/> 
  <include file="trigger/biu_eba_demo_chart_products_trigger.xml"/> 
  <include file="trigger/biu_eba_demo_chart_proj_trigger.xml"/> 
  <include file="trigger/biu_eba_demo_chart_sample_data_trigger.xml"/> 
  <include file="trigger/biu_eba_demo_chart_stats_trigger.xml"/> 
  <include file="trigger/biu_eba_demo_chart_stocks_trigger.xml"/> 
  <include file="trigger/biu_eba_demo_chart_tasks_trigger.xml"/> 
  <include file="trigger/eba_qpoll_access_req_biu_trigger.xml"/> 
  <include file="trigger/eba_qpoll_app_log_bi_trigger.xml"/> 
  <include file="trigger/eba_qpoll_canned_answ_biu_trigger.xml"/> 
  <include file="trigger/eba_qpoll_comm_invites_bi_trigger.xml"/> 
  <include file="trigger/eba_qpoll_emails_bi_trigger.xml"/> 
  <include file="trigger/eba_qpoll_email_opt_out_biu_trigger.xml"/> 
  <include file="trigger/eba_qpoll_errors_bi_trigger.xml"/> 
  <include file="trigger/eba_qpoll_error_log_bi_trigger.xml"/> 
  <include file="trigger/eba_qpoll_history_biu_trigger.xml"/> 
  <include file="trigger/eba_qpoll_invites_bi_trigger.xml"/> 
  <include file="trigger/eba_qpoll_notifications_biu_trigger.xml"/> 
  <include file="trigger/eba_qpoll_polls_biu_trigger.xml"/> 
  <include file="trigger/eba_qpoll_preferences_biu_trigger.xml"/> 
  <include file="trigger/eba_qpoll_questions_au_trigger.xml"/> 
  <include file="trigger/eba_qpoll_questions_biu_trigger.xml"/> 
  <include file="trigger/eba_qpoll_respondents_biu_trigger.xml"/> 
  <include file="trigger/eba_qpoll_resp_comm_biu_trigger.xml"/> 
  <include file="trigger/eba_qpoll_resp_comm_ref_bi_trigger.xml"/> 
  <include file="trigger/eba_qpoll_results_biu_trigger.xml"/> 
  <include file="trigger/eba_qpoll_result_dets_biu_trigger.xml"/> 
  <include file="trigger/eba_qpoll_sections_biu_trigger.xml"/> 
  <include file="trigger/eba_qpoll_user_log_bi_trigger.xml"/> 
  <include file="trigger/sp_activities_biu_trigger.xml"/> 
  <include file="trigger/sp_activity_types_biu_trigger.xml"/> 
  <include file="trigger/sp_application_notifications_biu_trigger.xml"/> 
  <include file="trigger/sp_app_nomenclature_biu_trigger.xml"/> 
  <include file="trigger/sp_app_settings_biu_trigger.xml"/> 
  <include file="trigger/sp_competencies_biu_trigger.xml"/> 
  <include file="trigger/sp_configurable_text_biu_trigger.xml"/> 
  <include file="trigger/sp_contributor_checklist_biu_trigger.xml"/> 
  <include file="trigger/sp_countries_biu_trigger.xml"/> 
  <include file="trigger/sp_default_people_tags_biu_trigger.xml"/> 
  <include file="trigger/sp_default_tags_biu_trigger.xml"/> 
  <include file="trigger/sp_external_ticketing_systems_biu_trigger.xml"/> 
  <include file="trigger/sp_favorites_biu_trigger.xml"/> 
  <include file="trigger/sp_focus_areas_biu_trigger.xml"/> 
  <include file="trigger/sp_groups_biu_trigger.xml"/> 
  <include file="trigger/sp_group_members_biu_trigger.xml"/> 
  <include file="trigger/sp_initiatives_biu_trigger.xml"/> 
  <include file="trigger/sp_initiative_comments_biu_trigger.xml"/> 
  <include file="trigger/sp_initiative_documents_biu_trigger.xml"/> 
  <include file="trigger/sp_initiative_links_biu_trigger.xml"/> 
  <include file="trigger/sp_notifications_biu_trigger.xml"/> 
  <include file="trigger/sp_notification_subscriptions_biu_trigger.xml"/> 
  <include file="trigger/sp_projects_biu_trigger.xml"/> 
  <include file="trigger/sp_project_comments_bd_trigger.xml"/> 
  <include file="trigger/sp_project_comments_biu_trigger.xml"/> 
  <include file="trigger/sp_project_contributors_bd_trigger.xml"/> 
  <include file="trigger/sp_project_contributors_biu_trigger.xml"/> 
  <include file="trigger/sp_project_documents_bd_trigger.xml"/> 
  <include file="trigger/sp_project_documents_biu_trigger.xml"/> 
  <include file="trigger/sp_project_links_bd_trigger.xml"/> 
  <include file="trigger/sp_project_links_biu_trigger.xml"/> 
  <include file="trigger/sp_project_priorities_biu_trigger.xml"/> 
  <include file="trigger/sp_project_related_biu_trigger.xml"/> 
  <include file="trigger/sp_project_reviews_bd_trigger.xml"/> 
  <include file="trigger/sp_project_reviews_biu_trigger.xml"/> 
  <include file="trigger/sp_project_review_types_biu_trigger.xml"/> 
  <include file="trigger/sp_project_scales_biu_trigger.xml"/> 
  <include file="trigger/sp_project_sizes_biu_trigger.xml"/> 
  <include file="trigger/sp_proj_interactions_log_biu_trigger.xml"/> 
  <include file="trigger/sp_release_comments_bd_trigger.xml"/> 
  <include file="trigger/sp_release_comments_biu_trigger.xml"/> 
  <include file="trigger/sp_release_documents_bd_trigger.xml"/> 
  <include file="trigger/sp_release_documents_biu_trigger.xml"/> 
  <include file="trigger/sp_release_links_bd_trigger.xml"/> 
  <include file="trigger/sp_release_links_biu_trigger.xml"/> 
  <include file="trigger/sp_release_milestones_bd_trigger.xml"/> 
  <include file="trigger/sp_release_milestones_biu_trigger.xml"/> 
  <include file="trigger/sp_release_trains_ai_trigger.xml"/> 
  <include file="trigger/sp_release_trains_biu_trigger.xml"/> 
  <include file="trigger/sp_resource_types_biu_trigger.xml"/> 
  <include file="trigger/sp_team_members_biu_trigger.xml"/> 
  <include file="package_body/eba_qpoll_quiz_package_body.xml"/> 
  <include file="package_body/sp_value_compare_package_body.xml"/> 
  <include file="package_body/sp_log_package_body.xml"/> 
  <include file="package_body/sp_contributor_summary_package_body.xml"/> 
  <include file="package_body/sp_release_timeline_package_body.xml"/> 
  <include file="package_body/sp_strategic_proj_util_package_body.xml"/> 
  <include file="package_body/eba_qpoll_package_body.xml"/> 
  <include file="package_body/eba_qpoll_account_package_body.xml"/> 
  <include file="package_body/eba_qpoll_email_package_body.xml"/> 
  <include file="package_body/eba_qpoll_fw_package_body.xml"/> 
  <include file="package_body/sp_proj_status_ui_package_body.xml"/> 
  <include file="job/sp_notif_subscriptions_job.xml"/> 
  <include file="comment/sp_project_contributors_comment.xml"/> 
</databaseChangeLog> 
