<?xml version="1.0" encoding="UTF-8"?>
<databaseChangeLog 
	xmlns="http://www.liquibase.org/xml/ns/dbchangelog" 
	xmlns:xsi="http://www.w3.org/2001/XMLSchema-instance" 
	xmlns:n0="http://www.oracle.com/xml/ns/dbchangelog-ext" 
	xsi:schemaLocation="http://www.liquibase.org/xml/ns/dbchangelog 
	http://www.liquibase.org/xml/ns/dbchangelog/dbchangelog-latest.xsd">
	<changeSet id="e364e4711406e5c42eba699a9efb1b9c38357156" author="(PEOPLE_ANALYTICS)-Generated" failOnError="false"   runOnChange="false" runAlways="false"  >
		<n0:createOraclePackageBody objectName="SP_RELEASE_TIMELINE" objectType="PACKAGE_BODY" ownerName="PEOPLE_ANALYTICS"  replaceIfExists="false" >
			<n0:source><![CDATA[CREATE OR REPLACE EDITIONABLE PACKAGE BODY "%USER_NAME%"."SP_RELEASE_TIMELINE" 
as
function show_week (
    p_release_id           in number,
    p_start_day            in date     default sysdate,
    p_exclude_complete_yn  in varchar2 default 'N')
    return clob
is
    l_first_day_of_week    date;
    l_last_day_of_week     date;
    x                      clob := null;
    x2                     clob := null;
    l_row_count            int := 0;
    e                      varchar2(1) := chr(10);
    l_proj_max_length      int := 45;
    l_the_metric           varchar2(255);
    l_dt_fmt_short         varchar2(10) := 'FMMonth DD';
    l_week_offset          int := 0;
    l_weeks_to_show        int := 50;
    l_release_end_date     date;
    l_release_start_date   date;
    l_sysdate              date := trunc(sysdate);
begin
    for c1 in (
        select id release_id, 
               trunc(release_open_date) release_open_date,
               to_char(release_open_date,'Day Month FMDD, YYYY') release_open,
               nvl(release_open_completed,'N') release_open_yn,
               trunc(release_target_date) release_target_date, 
               to_char(release_target_date,'Day Month FMDD, YYYY') release_target,
               nvl(release_completed,'N') release_completed_yn,
               release_train||' '||release as release 
         from sp_release_trains 
        where id = p_release_id
    ) loop
        l_first_day_of_week := trunc(c1.RELEASE_OPEN_DATE,'D') +1;
        l_last_day_of_week  := trunc(c1.RELEASE_OPEN_DATE,'D') +7;
        l_release_end_date   := c1.RELEASE_TARGET_DATE;
        l_release_start_date := c1.RELEASE_OPEN_DATE;
        x2 := '<h3>'||apex_escape.html(c1.release)||' Release Timeline</h3>'||e;
        x2 := x2||case when c1.release_open_date < l_sysdate or
                          c1.release_open_yn = 'Y'
                     then 'Release ' ||
                          case when c1.release_open_yn = 'Y' 
                               then 'opened '
                               else 'was targeted to open ' 
                               end ||
                          c1.release_open
                     when c1.release_open_date = l_sysdate 
                     then 'Release opens today'
                     else 'Release opens on '|| c1.release_open
                     end ||
                ' and '||
                case when c1.release_target_date < l_sysdate or
                          c1.release_completed_yn = 'Y'
                     then case when c1.release_completed_yn = 'Y' 
                               then 'completed '
                               else 'was targeted to complete ' 
                               end ||
                          c1.release_target
                     when c1.release_target_date = l_sysdate 
                     then 'completes today'
                     else 'completes on '|| c1.release_target
                     end ||'.<br>'||e;
    end loop;
    
    --
    -- Release week
    --
    for w in 1..l_weeks_to_show loop
        if l_first_day_of_week > (l_release_end_date -7) then 
           exit;
        end if;
    
        if trunc(p_start_day) <= l_last_day_of_week  then
        x := '<h3>Week '||w||': '||to_char(l_first_day_of_week,'FMDay Month DD')||' to '||
             to_char(l_last_day_of_week,'FMDay Month DD, YYYY')||'</h3>'||e;
    
        --
        -- M1
        --
        l_row_count := 0;
        for c2 in (
            select p.id, 
                   decode(greatest(length(p.project),l_proj_max_length),l_proj_max_length,p.PROJECT,substr(p.project,1,l_proj_max_length)||'...') as project, 
                   (select milestone1_label
                      from sp_project_scales s
                     where p.status_scale = s.scale_letter) m1_label,
                   p.milestone1_complete_date as the_date, 
                   p.milestone1_complete_yn as complete_status,
                   decode(p.milestone1_complete_yn,'Y','Complete','N','Open') as status,
                   tm.first_name||' '||tm.last_name as owner
            from  sp_projects p,
                  sp_team_members tm
            where p.owner_id = tm.id and 
                  p.archived_yn = 'N' and
                  p.RELEASE_DEPENDENT_YN = 'Y' and
                  p.DUPLICATE_OF_PROJECT_ID is null and 
                  p.release_id = p_release_id and 
                  p.milestone1_complete_date is not null and
                  p.milestone1_complete_date between l_first_day_of_week and l_last_day_of_week and
                  ((p.milestone1_complete_yn = 'N' and p_exclude_complete_yn = 'Y') or p_exclude_complete_yn = 'N')
            order by 4, 3, 2
            ) loop
                l_row_count := l_row_count + 1;
                if l_row_count = 1 then
                   x := x||''||apex_escape.html(c2.m1_label)||'<br>'||e;
                   x := x||'<ul>'||e;
                end if;
                x := x||'<li>'||apex_escape.html(c2.project)||' - '||apex_escape.html(c2.owner)||' - ';
                if c2.the_date < trunc(sysdate) and c2.status = 'Open' then 
                   x := x||' <strong>'||to_char(c2.the_date,l_dt_fmt_short) || ' Past Due</strong>';
                elsif c2.status = 'Open' then 
                   x := x||'<strong>'||to_char(c2.the_date,l_dt_fmt_short) || '</strong>';
                elsif upper(c2.status) = 'COMPLETE' then 
                   x := x||'<strong>Complete</strong>';
                else 
                   x := x||'<strong>'||to_char(c2.the_date,l_dt_fmt_short) ||' '||apex_escape.html(c2.status)||'</strong>';
                end if; 
                x := x||'</li>'||e;
        end loop; -- c2
        if l_row_count > 0 then 
            x := x||'</ul>'||e;
        end if;
        --
        -- M2
        --
        l_row_count := 0;
        for c2 in (
            select p.id, 
                   decode(greatest(length(p.project),l_proj_max_length),l_proj_max_length,p.PROJECT,substr(p.project,1,l_proj_max_length)||'...') as project, 
                   (select milestone2_label
                      from sp_project_scales s
                     where p.status_scale = s.scale_letter) m2_label,
                   p.milestone2_complete_date as the_date, 
                   p.milestone2_complete_yn as complete_status,
                   decode(p.milestone2_complete_yn,'Y','Complete','N','Open') as status,
                   tm.first_name||' '||tm.last_name as owner
            from  sp_projects p,
                  sp_team_members tm
            where p.owner_id = tm.id and 
                  p.archived_yn = 'N' and
                  p.RELEASE_DEPENDENT_YN = 'Y' and
                  p.DUPLICATE_OF_PROJECT_ID is null and 
                  p.release_id = p_release_id and 
                  p.milestone2_complete_date is not null and
                  p.milestone2_complete_date between l_first_day_of_week and l_last_day_of_week and
                  ((p.milestone2_complete_yn = 'N' and p_exclude_complete_yn = 'Y') or p_exclude_complete_yn = 'N')
            order by 4, 3 desc,2
            ) loop
                l_row_count := l_row_count + 1;
                if l_row_count = 1 then
                   x := x||''||apex_escape.html(c2.m2_label)||'<br>'||e;
                   x := x||'<ul>'||e;
                end if;
                x := x||'<li>'||apex_escape.html(c2.project)||' - '||apex_escape.html(c2.owner)||' - ';
                if c2.the_date < trunc(sysdate) and c2.status = 'Open' then 
                   x := x||' <strong>'||to_char(c2.the_date,l_dt_fmt_short) || ' Past Due</strong>';
                elsif c2.status = 'Open' then 
                   x := x||'<strong>'||to_char(c2.the_date,l_dt_fmt_short) || '</strong>';
                elsif upper(c2.status) = 'COMPLETE' then 
                   x := x||'<strong>Complete</strong>';
                else 
                   x := x||'<strong>'||apex_escape.html(c2.status)||'</strong>';
                end if; 
                x := x||'</li>'||e;
        end loop; -- c2
        if l_row_count > 0 then 
            x := x||'</ul>'||e;
        end if;
        --
        -- M3
        --
        l_row_count := 0;
        for c2 in (
            select p.id, 
                   decode(greatest(length(p.project),l_proj_max_length),l_proj_max_length,p.PROJECT,substr(p.project,1,l_proj_max_length)||'...') as project,
                   (select milestone3_label
                      from sp_project_scales s
                     where p.status_scale = s.scale_letter) m3_label, 
                   p.milestone3_complete_date as the_date, 
                   p.milestone3_complete_yn as complete_status,
                   decode(p.milestone3_complete_yn,'Y','Complete','N','Open') as status,
                   tm.first_name||' '||tm.last_name as owner
            from  sp_projects p,
                  sp_team_members tm
            where p.owner_id = tm.id and 
                  p.archived_yn = 'N' and
                  p.RELEASE_DEPENDENT_YN = 'Y' and
                  p.DUPLICATE_OF_PROJECT_ID is null and 
                  p.release_id = p_release_id and 
                  p.milestone3_complete_date is not null and
                  p.milestone3_complete_date between l_first_day_of_week and l_last_day_of_week and
                  ((p.milestone3_complete_yn = 'N' and p_exclude_complete_yn = 'Y') or p_exclude_complete_yn = 'N')
            order by 4, 3,2
            ) loop
                l_row_count := l_row_count + 1;
                if l_row_count = 1 then
                   x := x||''||apex_escape.html(c2.m3_label)||'<br>'||e;
                   x := x||'<ul>'||e;
                end if;
                x := x||'<li>'||apex_escape.html(c2.project)||' - '||apex_escape.html(c2.owner)||' - ';
                if c2.the_date < trunc(sysdate) and c2.status = 'Open' then 
                   x := x||' <strong>'||to_char(c2.the_date,l_dt_fmt_short) || ' Past Due</strong>';
                elsif c2.status = 'Open' then 
                   x := x||'<strong>'||to_char(c2.the_date,l_dt_fmt_short) || '</strong>';
                elsif upper(c2.status) = 'COMPLETE' then 
                   x := x||'<strong>Complete</strong>';
                else 
                   x := x||'<strong>'||apex_escape.html(c2.status)||'</strong>';
                end if; 
                x := x||'</li>'||e;
        end loop; -- c2
        if l_row_count > 0 then 
            x := x||'</ul>'||e;
        end if;
        --
        -- M4
        --
        l_row_count := 0;
        for c2 in (
            select p.id, 
                   decode(greatest(length(p.project),l_proj_max_length),l_proj_max_length,p.PROJECT,substr(p.project,1,l_proj_max_length)||'...') as project, 
                   (select milestone4_label
                      from sp_project_scales s
                     where p.status_scale = s.scale_letter) m4_label, 
                   p.milestone4_complete_date as the_date, 
                   p.milestone4_complete_yn as complete_status,
                   decode(p.milestone4_complete_yn,'Y','Complete','N','Open') as status,
                   tm.first_name||' '||tm.last_name as owner
            from  sp_projects p,
                  sp_team_members tm
            where p.owner_id = tm.id and 
                  p.archived_yn = 'N' and
                  p.RELEASE_DEPENDENT_YN = 'Y' and
                  p.DUPLICATE_OF_PROJECT_ID is null and 
                  p.release_id = p_release_id and 
                  p.milestone4_complete_date is not null and
                  p.milestone4_complete_date between l_first_day_of_week and l_last_day_of_week and
                  ((p.milestone4_complete_yn = 'N' and p_exclude_complete_yn = 'Y') or p_exclude_complete_yn = 'N') 
            order by 4, 3,2
            ) loop
                l_row_count := l_row_count + 1;
                if l_row_count = 1 then
                   x := x||''||apex_escape.html(c2.m4_label)||'<br>'||e;
                   x := x||'<ul>'||e;
                end if;
                x := x||'<li>'||apex_escape.html(c2.project)||' - '||apex_escape.html(c2.owner)||' - ';
                if c2.the_date < trunc(sysdate) and c2.status = 'Open' then 
                   x := x||' <strong>'||to_char(c2.the_date,l_dt_fmt_short) || ' Past Due</strong>';
                elsif c2.status = 'Open' then 
                   x := x||'<strong>'||to_char(c2.the_date,l_dt_fmt_short) || '</strong>';
                elsif upper(c2.status) = 'COMPLETE' then 
                   x := x||'<strong>Complete</strong>';
                else 
                   x := x||'<strong>'||apex_escape.html(c2.status)||'</strong>';
                end if; 
                x := x||'</li>'||e;
        end loop; -- c2
        if l_row_count > 0 then 
            x := x||'</ul>'||e;
        end if;
        --
        -- activity
        --
        l_the_metric := 'Activity';
        l_row_count := 0;
        for c2 in (
            select p.id, 
                   decode(greatest(length(p.project),l_proj_max_length),
                       l_proj_max_length,p.PROJECT,
                       substr(p.project,1,l_proj_max_length)||'...') as project, 
                   a.START_DATE,
                   a.END_DATE,
                   tm.first_name||' '||tm.last_name as owner,
                   decode(greatest(length(a.COMMENTS),l_proj_max_length),
                       l_proj_max_length,a.COMMENTS,
                       substr(a.COMMENTS,1,l_proj_max_length)||'...') as COMMENTS, 
                   a.url,
                   a.ACTIVITY_TYPE_ID,
                   at.ACTIVITY_TYPE
            from  sp_projects p,
                  SP_ACTIVITIES a,
                  sp_team_members tm,
                  SP_ACTIVITY_TYPES at
            where a.TEAM_MEMBER_ID = tm.id and 
                  a.ACTIVITY_TYPE_ID = at.id and
                  a.project_id = p.id and 
                  p.archived_yn = 'N' and
                  p.RELEASE_DEPENDENT_YN = 'Y' and
                  p.DUPLICATE_OF_PROJECT_ID is null and 
                  p.release_id = p_release_id and 
                  a.comments is not null and
                  a.start_date is not null and 
                  a.end_date is not null and
                  (
                    a.start_date between l_first_day_of_week and l_last_day_of_week or 
                    a.end_date   between l_first_day_of_week and l_last_day_of_week or 
                    (a.start_date < l_first_day_of_week and a.end_date > l_last_day_of_week)
                  )
            order by 2,3,4
            ) loop
                l_row_count := l_row_count + 1;
                
                if l_row_count = 1 then
                   x := x||''||l_the_metric||'<br>'||e;
                   x := x||'<ul>'||e;
                end if;
                x := x||'<li>'||apex_escape.html(c2.project)||' - <b>'||apex_escape.html(c2.owner)||'</b> (';
                if to_char(c2.start_date,l_dt_fmt_short) = to_char(c2.end_date,l_dt_fmt_short) then 
                    x := x||to_char(c2.end_date,l_dt_fmt_short);
                else 
                    x := x||to_char(c2.start_date,l_dt_fmt_short)||' - '||to_char(c2.end_date,l_dt_fmt_short);
                end if;
                x := x||')</li>'||e;
                
        end loop; -- c2
        if l_row_count > 0 then 
            x := x||'</ul>'||e;
        end if;
        --
        -- reviews
        --
        l_the_metric := 'Reviews';
        l_row_count := 0;
        for c2 in (
            select p.id, 
                   decode(greatest(length(p.project),l_proj_max_length),
                       l_proj_max_length,p.PROJECT,
                       substr(p.project,1,l_proj_max_length)||'...') as project, 
                   p.project_size, 
                   tm.first_name||' '||tm.last_name name,
                   r.review_date,
                   p.PRIORITY_ID,
                   rt.REVIEW_TYPE,
                   r.REVIEW_STATUS
            from   SP_PROJECT_REVIEWS r, 
                   SP_PROJECTS p,
                   SP_TEAM_MEMBERS tm,
                   SP_PROJECT_REVIEW_TYPES rt
            where  p.id = r.project_id and 
                   p.release_ID = p_release_id and 
                   p.archived_yn = 'N' and
                   p.RELEASE_DEPENDENT_YN = 'Y' and
                   p.DUPLICATE_OF_PROJECT_ID is null and 
                   tm.id = r.OWNER_ID and 
                   rt.id = r.REVIEW_TYPE_ID and 
                   r.REVIEW_DATE is not null and 
                   r.REVIEW_DATE between l_first_day_of_week and l_last_day_of_week and
                   ((r.review_status != 'COMPLETED' and p_exclude_complete_yn = 'Y') or p_exclude_complete_yn = 'N')
            order by 5, 4
            ) loop  
            --
            l_row_count := l_row_count + 1;
            
            if l_row_count = 1 then
               x := x||''||l_the_metric||'<br>'||e;
               x := x||'<ul>'||e;
            end if;
            --
            x := x||'<li>'||apex_escape.html(c2.project)||' - '||
                   apex_escape.html(c2.REVIEW_TYPE)||' ';
            if upper(c2.REVIEW_STATUS) = 'COMPLETED' then 
                null;
            else  
                x := x||to_char(c2.review_date,l_dt_fmt_short);
            end if;
            x := x||' ('||
                   c2.name||') '||
                   '<b>'||apex_escape.html(initcap(c2.REVIEW_STATUS))||'</b>'||
                   '</li>'||e;
            --
        end loop;
        if l_row_count > 0 then 
            x := x||'</ul>'||e;
        end if;
        --
        -- release dates
        --
        l_the_metric := 'Release Milestones';
        l_row_count := 0;
        for c2 in (
            select m.id, m.milestone_name, m.milestone_date, 
                   decode (MILESTONE_COMPLETED_YN,'Y','Complete','N','Open') as milestone_status
            from   SP_RELEASE_MILESTONES M  
            where  m.RELEASE_ID = p_release_id and 
                   m.milestone_date between l_first_day_of_week and l_last_day_of_week and
                   ((milestone_completed_yn = 'N' and p_exclude_complete_yn = 'Y') or p_exclude_complete_yn = 'N')
        ) loop
                l_row_count := l_row_count + 1;
                
                if l_row_count = 1 then
                   x := x||''||l_the_metric||'<br>'||e;
                   x := x||'<ul>'||e;
                end if;
                x := x||'<li>'||apex_escape.html(c2.milestone_name)||' - '||to_char(c2.milestone_date,'FM Day Month DD')||' (<b>'||
                   apex_escape.html(c2.milestone_status)||'</b>)</li>'||e;
                
        end loop;
        if l_row_count > 0 then 
            x := x||'</ul>'||e;
        end if;
        --
        --
        --
        end if;
        l_first_day_of_week := l_first_day_of_week +  7;
        l_last_day_of_week  := l_last_day_of_week  +  7;
        if dbms_lob.getlength(x) > 0 then
           dbms_lob.append(x2, x);
        end if;
    end loop; -- week loop
    return x2;
end show_week;
function release_exceptions (
    p_release_id               in number,
    p_links                    in varchar2 default 'NONE',
    p_apex_session             in varchar2 default null )
    return clob
is
    x                      clob;
    l_exceptions_yn        varchar2(1) := 'N';
    l_proj_heading_yn      varchar2(1) := 'N';
    l_proj_yn              varchar2(1) := 'N';
    l_date_fm              varchar2(255) := 'FMDay DD-MON';
    l_date_fm2             varchar2(255) := 'FMDay DD-MON-YYYY';
    l_row_count            int := 0;
    l_link_type            varchar2(30);
    l_project_label        varchar2(255);
    l_sysdate              date := trunc(sysdate);
    --
    -- support for links
    --
    l_release_url          varchar2(4000);
    l_project              varchar2(4000);
    l_url                  varchar2(4000);
    l_app_id               varchar2(4000);
    l_app_prefix_url       varchar2(4000);
begin
    --
    -- get settings
    --
    l_project_label     := sp_strategic_proj_util.get_nomenclature('PROJECT');
    l_app_id            := sp_strategic_proj_util.get_setting('APP_ID');
    l_app_prefix_url    := sp_strategic_proj_util.get_setting('APP_PREFIX_URL');
    --
    -- determine link type
    --
    -- APP: generate links from within the current app requires p_apex_session
    -- EMAIL: generate fully qualified links
    --
    if p_links = 'APP' and p_apex_session is not null and l_app_id is not null then
       l_link_type := 'APP';
    elsif p_links = 'EMAIL' and l_app_id is not null then
       l_link_type := 'EMAIL';
    elsif p_links is null then
       l_link_type := 'NONE';
    end if;
    --
    -- HEADING
    --
    if l_link_type in ('EMAIL','NONE') then
        for c1 in (
            select release_train ||' '|| release name,
                   trunc(release_open_date) release_open_date,
                   to_char(release_open_date,'Day Month FMDD, YYYY') release_open,
                   nvl(release_open_completed,'N') release_open_yn,
                   trunc(release_target_date) release_target_date, 
                   to_char(release_target_date,'Day Month FMDD, YYYY') release_target,
                   nvl(release_completed,'N') release_completed_yn
              from sp_release_trains 
             where id = p_release_id
        ) loop 
            if l_link_type = 'EMAIL' then
               l_url := apex_page.get_url(
                          p_application => l_app_id,
                          p_page        => 117,
                          p_session     => null,
                          p_items       => 'P117_RELEASE_ID',
                          p_values      => p_release_id,
                          p_plain_url   => TRUE );
               l_url := l_app_prefix_url || l_url; 
               l_release_url := '<a href="'||l_url||'">'||apex_escape.html(c1.name)||'</a>';
               x := '<h3>Exception Report for Release '||l_release_url||'</h3>'||chr(10);
            elsif l_link_type = 'NONE' then
                x := '<h3>Exception Report for Release '||apex_escape.html(c1.name)||'</h3>'||chr(10);
            end if;
            x := x||'<strong>As of</strong>: '||to_char(sysdate,l_date_fm2)||'<br><br>';
            if c1.release_open_date < l_sysdate or
               c1.release_open_yn = 'Y'
            then x := x||'<strong>Release ' ||
                         case when c1.release_open_yn = 'Y' 
                              then 'opened:</strong> '
                              else 'was targeted to open:</strong> ' 
                              end;
            else x := x||'<strong>Release opens:</strong> ';
            end if;
            x := x|| c1.release_open ||'<br>'||chr(10);
            if c1.release_target_date < l_sysdate or
               c1.release_completed_yn = 'Y'
            then x := x||'<strong>Release ' ||
                         case when c1.release_completed_yn = 'Y' 
                                   then 'completed:</strong> '
                                   else 'was targeted to complete:</strong> ' 
                                   end;
            else x := x||'<strong>Release completes:</strong> ';
            end if;
            x := x|| c1.release_target ||'<br><br>'||chr(10);
        end loop;
    else
       x := '';
    end if;
    --
    --  RELEASE MISSING OWNER
    -- 
    for c1 in (
        select 1
          from sp_release_trains
         where id = p_release_id
           and release_owner_id is null
    ) loop
        if l_exceptions_yn = 'N' then
            x := x||chr(10)||'<h3>Release Issues</h3><ul>';
        end if;
        l_exceptions_yn := 'Y';
        x := x||chr(10)||'<li>Release has no owner</li>';
    end loop;
    --
    --  OPEN DATE PAST BUT RELEASE NOT OPEN
    -- 
    for c1 in (
        select 1
          from sp_release_trains
         where id = p_release_id
           and trunc(release_open_date) < l_sysdate
           and nvl(release_open_completed,'N') = 'N'
    ) loop
        if l_exceptions_yn = 'N' then
            x := x||chr(10)||'<h3>Release Issues</h3><ul>';
        end if;
        l_exceptions_yn := 'Y';
        x := x||chr(10)||'<li>Release past due to Open</li>';
    end loop;
    --
    --  CLOSED DATE PAST BUT RELEASE NOT CLOSED
    -- 
    for c1 in (
        select 1
          from sp_release_trains
         where id = p_release_id
           and trunc(release_target_date) < l_sysdate
           and nvl(release_completed,'N') = 'N'
    ) loop
        if l_exceptions_yn = 'N' then
            x := x||chr(10)||'<h3>Release Issues</h3><ul>';
        end if;
        l_exceptions_yn := 'Y';
        x := x||chr(10)||'<li>Release past due to Close</li>';
    end loop;
    --
    --  NO MILESTONES DEFINED
    -- 
    for c1 in (
        select count(*) cnt
          from sp_release_milestones
         where release_id = p_release_id
    ) loop
        if c1.cnt = 0 then
            if l_exceptions_yn = 'N' then
                x := x||chr(10)||'<h3>Release Issues</h3><ul>';
            end if;
            l_exceptions_yn := 'Y';
            x := x||chr(10)||'<li>No Milestones defined</li>';
        end if;
    end loop;
    --
    -- OVERDUE MILESTONES
    --
    l_row_count := 0;
    for c1 in (
        select milestone_name, 
               milestone_date
          from sp_release_milestones
         where release_id = p_release_id
           and trunc(milestone_date) < l_sysdate
           and milestone_completed_yn = 'N'
         order by milestone_date
    ) loop
        if l_exceptions_yn = 'N' then
            x := x||chr(10)||'<h3>Release Issues</h3><ul>';
        end if;
        l_exceptions_yn := 'Y';
        l_row_count := l_row_count + 1;
        if l_row_count = 1 then
            x := x||chr(10)||'<li><strong>Overdue Milestones</strong></li><ul>';
        end if;
        x := x||'<li>'||apex_escape.html(c1.milestone_name)||' was due '||to_char(c1.milestone_date,l_date_fm)||'</li>';
    end loop;
    -- CLOSING MILESTONES
    if l_row_count > 0 then 
        x := x||'</ul>';
    end if;
    -- CLOSING RELEASE ISSUES
    if l_exceptions_yn = 'Y' then
        x := x||'</ul>';
    end if;
    --
    -- PROJECT ISSUES
    --
    for c1 in (
        select p.id,
               p.friendly_identifier,
               p.project,
               p.owner_id,
               p.requires_reviews_yn,
               p.milestone1_complete_date, p.milestone1_complete_yn,
               p.milestone2_complete_date, p.milestone2_complete_yn,
               p.milestone3_complete_date, p.milestone3_complete_yn,
               p.milestone4_complete_date, p.milestone4_complete_yn,
               p.status_scale,
               ' - '|| p.pct_complete ||'% '|| p.project_size ||' P'||r.priority quick_summary,
               case when p.owner_id is not null then ' - '||(select first_name ||' '||last_name from sp_team_members where id = p.owner_id) end owner
          from sp_projects p,
               sp_project_priorities r
         where p.release_id = p_release_id
           and p.release_dependent_yn = 'Y'
           and p.duplicate_of_project_id is null
           and p.archived_yn = 'N'
           and p.priority_id = r.id
         order by r.priority, p.project
    ) loop
        l_proj_yn := 'N';
        l_project := apex_escape.html(c1.project);
        if l_link_type = 'APP' then
           l_url := apex_util.prepare_url('f?p='||l_app_id||':3:'||p_apex_session||'::NO:3:FI:'||apex_escape.html(c1.friendly_identifier));
           l_project := '<a href="'||l_url||'">'||l_project||'</a>' || apex_escape.html(c1.owner) || apex_escape.html(c1.quick_summary);
        elsif l_link_type = 'EMAIL' then
           l_url := apex_page.get_url(
                        p_application => l_app_id,
                        p_page        => 3,
                        p_session     => null,
                        p_items       => 'FI',
                        p_values      => c1.friendly_identifier,
                        p_plain_url   => TRUE );
           l_url := l_app_prefix_url || l_url; 
           l_project := '<a href="'||l_url||'">'||l_project||'</a>' || apex_escape.html(c1.owner) || apex_escape.html(c1.quick_summary);
        else
           l_project := l_project || apex_escape.html(c1.owner) || apex_escape.html(c1.quick_summary);
        end if;
        -- NO PROJECT OWNER
        if c1.owner_id is null then
            l_exceptions_yn := 'Y';
            if l_proj_heading_yn = 'N' then 
                x := x||'<h3>Related '||l_project_label||' Issues</h3>'||chr(10);
                l_proj_heading_yn := 'Y';
            end if;
            x := x||l_project||chr(10)||'<ul>';
            l_proj_yn := 'Y';
            x := x||'<li>No Owner</li>'||chr(10);
        end if;
        -- NO PROJECT CONTRIBUTORS (only check if there is no owner)
        if c1.owner_id is null then
            for c2 in (
                select count(*) cnt
                  from sp_project_contributors
                 where project_id = c1.id
            ) loop
                if c2.cnt = 0 then
                    if l_proj_heading_yn = 'N' then 
                        x := x||'<h3>Related '||l_project_label||' Issues</h3>'||chr(10);
                        l_proj_heading_yn := 'Y';
                    end if;
                    if l_proj_yn = 'N' then
                        x := x||l_project||chr(10)||'<ul>';
                        l_proj_yn := 'Y';
                    end if;
                    l_exceptions_yn := 'Y';
                    x := x||'<li>No Contributors</li>'||chr(10);
                end if;
            end loop;
        end if;
        if c1.requires_reviews_yn = 'Y' then
            -- NO PROJECT REVIEWERS
            for c2 in (
                select count(*) cnt
                  from sp_project_reviews
                 where project_id = c1.id
            ) loop
                if c2.cnt = 0 then
                    if l_proj_heading_yn = 'N' then 
                        x := x||'<h3>Related '||l_project_label||' Issues</h3>'||chr(10);
                        l_proj_heading_yn := 'Y';
                    end if;
                    if l_proj_yn = 'N' then
                        x := x||l_project||chr(10)||'<ul>';
                        l_proj_yn := 'Y';
                    end if;
                    l_exceptions_yn := 'Y';
                    x := x||'<li>No Reviewers</li>'||chr(10);
                end if;
            end loop;
        end if;
        -- OVERDUE PROJECT DATES
        if trunc(c1.milestone1_complete_date) < l_sysdate and c1.milestone1_complete_yn = 'N' then
             for c2 in (
                select milestone1_label
                  from sp_project_scales
                 where scale_letter = c1.status_scale
                   and milestone1_label is not null
             ) loop
                 if l_proj_heading_yn = 'N' then 
                    x := x||'<h3>Related '||l_project_label||' Issues</h3>'||chr(10);
                    l_proj_heading_yn := 'Y';
                 end if;
                 if l_proj_yn = 'N' then
                     x := x||l_project||chr(10)||'<ul>';
                     l_proj_yn := 'Y';
                 end if;
                 l_exceptions_yn := 'Y';
                 x := x||'<li>'|| apex_escape.html(c2.milestone1_label) ||' was due '|| to_char(c1.milestone1_complete_date,l_date_fm) ||'</li>'||chr(10);
             end loop;
        end if;
        if trunc(c1.milestone2_complete_date) < l_sysdate and c1.milestone2_complete_yn = 'N' then
             for c2 in (
                select milestone2_label
                  from sp_project_scales
                 where scale_letter = c1.status_scale
                   and milestone2_label is not null
             ) loop
                 if l_proj_heading_yn = 'N' then 
                    x := x||'<h3>Related '||l_project_label||' Issues</h3>'||chr(10);
                    l_proj_heading_yn := 'Y';
                 end if;
                 if l_proj_yn = 'N' then
                     x := x||l_project||chr(10)||'<ul>';
                     l_proj_yn := 'Y';
                 end if;
                 l_exceptions_yn := 'Y';
                 x := x||'<li>'|| apex_escape.html(c2.milestone2_label) ||' was due '|| to_char(c1.milestone2_complete_date,l_date_fm) ||'</li>'||chr(10);
             end loop;
        end if;
        if trunc(c1.milestone3_complete_date) < l_sysdate and c1.milestone3_complete_yn = 'N' then
             for c2 in (
                select milestone3_label
                  from sp_project_scales
                 where scale_letter = c1.status_scale
                   and milestone3_label is not null
             ) loop
                 if l_proj_heading_yn = 'N' then 
                    x := x||'<h3>Related '||l_project_label||' Issues</h3>'||chr(10);
                    l_proj_heading_yn := 'Y';
                 end if;
                 if l_proj_yn = 'N' then
                     x := x||l_project||chr(10)||'<ul>';
                     l_proj_yn := 'Y';
                 end if;
                 l_exceptions_yn := 'Y';
                 x := x||'<li>'|| apex_escape.html(c2.milestone3_label) ||' was due '|| to_char(c1.milestone3_complete_date,l_date_fm) ||'</li>'||chr(10);
             end loop;
        end if;
        if trunc(c1.milestone4_complete_date) < l_sysdate and c1.milestone4_complete_yn = 'N' then
             for c2 in (
                select milestone4_label
                  from sp_project_scales
                 where scale_letter = c1.status_scale
                   and milestone4_label is not null
             ) loop
                 if l_proj_heading_yn = 'N' then 
                    x := x||'<h3>Related '||l_project_label||' Issues</h3>'||chr(10);
                    l_proj_heading_yn := 'Y';
                 end if;
                 if l_proj_yn = 'N' then
                     x := x||l_project||chr(10)||'<ul>';
                     l_proj_yn := 'Y';
                 end if;
                 l_exceptions_yn := 'Y';
                 x := x||'<li>'|| apex_escape.html(c2.milestone4_label) ||' was due '|| to_char(c1.milestone4_complete_date,l_date_fm) ||'</li>'||chr(10);
             end loop;
        end if;
        -- OVERDUE REVIEWS
        if c1.requires_reviews_yn = 'Y' then
            for c2 in (
                select (select first_name||' '||last_name from sp_team_members t where t.id = r.owner_id) reviewer,
                       (select review_type from sp_project_review_types rt where rt.id = r.review_type_id) type,
                       initcap(review_status) status,
                       trunc(review_date) review_date
                  from sp_project_reviews r
                 where project_id = c1.id
                   and review_status != 'COMPLETED'
                   and trunc(review_date) < l_sysdate
            ) loop
                if l_proj_heading_yn = 'N' then 
                    x := x||'<h3>Related '||l_project_label||' Issues</h3>'||chr(10);
                    l_proj_heading_yn := 'Y';
                end if;
                if l_proj_yn = 'N' then
                    x := x||l_project||chr(10)||'<ul>';
                    l_proj_yn := 'Y';
                end if;
                l_exceptions_yn := 'Y';
                x := x||'<li>'||apex_escape.html(c2.type)||' Review by '||apex_escape.html(c2.reviewer)||' was targeted for '||to_char(c2.review_date,l_date_fm)||'</li>'||chr(10);
            end loop;
            -- MISSING REVIEW DATES
            for c2 in (
                select (select first_name||' '||last_name from sp_team_members t where t.id = r.owner_id) reviewer,
                       (select review_type from sp_project_review_types rt where rt.id = r.review_type_id) type,
                       initcap(review_status) status
                  from sp_project_reviews r
                 where project_id = c1.id
                   and review_status != 'COMPLETED'
                   and review_date is null
            ) loop
                if l_proj_heading_yn = 'N' then 
                    x := x||'<h3>Related '||l_project_label||' Issues</h3>'||chr(10);
                    l_proj_heading_yn := 'Y';
                end if;
                if l_proj_yn = 'N' then
                    x := x||l_project||chr(10)||'<ul>';
                    l_proj_yn := 'Y';
                end if;
                l_exceptions_yn := 'Y';
                x := x||'<li>'||apex_escape.html(c2.type)||' Review by '||apex_escape.html(c2.reviewer)||' has no target date</li>'||chr(10);
            end loop;
        end if;
        if l_proj_yn = 'Y' then
            x := x||'</ul>';
        end if;       
    end loop;
    -- END
    if l_exceptions_yn = 'N' then
       x := x||chr(10)||'No exceptions found';
    end if;
    return x;
end release_exceptions;
end sp_release_timeline;
/]]></n0:source>
		</n0:createOraclePackageBody>
	</changeSet>
</databaseChangeLog>
