<?xml version="1.0" encoding="UTF-8"?>
<databaseChangeLog 
	xmlns="http://www.liquibase.org/xml/ns/dbchangelog" 
	xmlns:xsi="http://www.w3.org/2001/XMLSchema-instance" 
	xmlns:n0="http://www.oracle.com/xml/ns/dbchangelog-ext" 
	xsi:schemaLocation="http://www.liquibase.org/xml/ns/dbchangelog 
	http://www.liquibase.org/xml/ns/dbchangelog/dbchangelog-latest.xsd">
	<changeSet id="dd87d8078d32cb2def993fef2189af7599e60bb4" author="(PEOPLE_ANALYTICS)-Generated" failOnError="false"   runOnChange="false" runAlways="false"  >
		<n0:createSxmlObject objectName="EBA_QPOLL_SEQ" objectType="SEQUENCE" ownerName="PEOPLE_ANALYTICS"  replaceIfExists="false" >
			<n0:source><![CDATA[
  <SEQUENCE xmlns="http://xmlns.oracle.com/ku" version="1.0">
   <SCHEMA>%USER_NAME%</SCHEMA>
   <NAME>EBA_QPOLL_SEQ</NAME>
   <START_WITH>1014</START_WITH>
   <INCREMENT>1</INCREMENT>
   <MINVALUE>1000</MINVALUE>
   <MAXVALUE>999999999999999999999999999</MAXVALUE>
   <CACHE>20</CACHE>
   <SCALE>NOSCALE</SCALE>
</SEQUENCE>]]></n0:source>
		</n0:createSxmlObject>
	</changeSet>
</databaseChangeLog>
