<?xml version="1.0" encoding="UTF-8"?>
<databaseChangeLog 
	xmlns="http://www.liquibase.org/xml/ns/dbchangelog" 
	xmlns:xsi="http://www.w3.org/2001/XMLSchema-instance" 
	xmlns:n0="http://www.oracle.com/xml/ns/dbchangelog-ext" 
	xsi:schemaLocation="http://www.liquibase.org/xml/ns/dbchangelog 
	http://www.liquibase.org/xml/ns/dbchangelog/dbchangelog-latest.xsd">
	<changeSet id="4e241bbb73787fcfe26c1c6a13134704c423bc90" author="(PEOPLE_ANALYTICS)-Generated" failOnError="false"   runOnChange="false" runAlways="false"  >
		<n0:createSxmlObject objectName="MDRS_4BD44$" objectType="SEQUENCE" ownerName="PEOPLE_ANALYTICS"  replaceIfExists="false" >
			<n0:source><![CDATA[
  <SEQUENCE xmlns="http://xmlns.oracle.com/ku" version="1.0">
   <SCHEMA>%USER_NAME%</SCHEMA>
   <NAME>MDRS_4BD44$</NAME>
   <START_WITH>3</START_WITH>
   <INCREMENT>1</INCREMENT>
   <MINVALUE>1</MINVALUE>
   <MAXVALUE>9999999999999999999999999999</MAXVALUE>
   <CACHE>100</CACHE>
   <ORDER></ORDER>
   <SCALE>NOSCALE</SCALE>
</SEQUENCE>]]></n0:source>
		</n0:createSxmlObject>
	</changeSet>
</databaseChangeLog>
