<?xml version="1.0" encoding="UTF-8"?>
<databaseChangeLog 
	xmlns="http://www.liquibase.org/xml/ns/dbchangelog" 
	xmlns:xsi="http://www.w3.org/2001/XMLSchema-instance" 
	xmlns:n0="http://www.oracle.com/xml/ns/dbchangelog-ext" 
	xsi:schemaLocation="http://www.liquibase.org/xml/ns/dbchangelog 
	http://www.liquibase.org/xml/ns/dbchangelog/dbchangelog-latest.xsd">
	<changeSet id="e53491e50c9c2e0be6dd9d32229ddaa9ab6aa64e" author="(PEOPLE_ANALYTICS)-Generated" failOnError="false"   runOnChange="false" runAlways="false"  >
		<n0:createSxmlObject objectName="EBA_DEMO_CHART_GRADES" objectType="TABLE" ownerName="PEOPLE_ANALYTICS"  replaceIfExists="false" >
			<n0:source><![CDATA[
  <TABLE xmlns="http://xmlns.oracle.com/ku" version="1.0">
   <SCHEMA>%USER_NAME%</SCHEMA>
   <NAME>EBA_DEMO_CHART_GRADES</NAME>
   <RELATIONAL_TABLE>
      <COL_LIST>
         <COL_LIST_ITEM>
            <NAME>ID</NAME>
            <DATATYPE>NUMBER</DATATYPE>
         </COL_LIST_ITEM>
         <COL_LIST_ITEM>
            <NAME>COURSE</NAME>
            <DATATYPE>VARCHAR2</DATATYPE>
            <LENGTH>10</LENGTH>
            <COLLATE_NAME>USING_NLS_COMP</COLLATE_NAME>
         </COL_LIST_ITEM>
         <COL_LIST_ITEM>
            <NAME>SCHOOLA</NAME>
            <DATATYPE>NUMBER</DATATYPE>
         </COL_LIST_ITEM>
         <COL_LIST_ITEM>
            <NAME>SCHOOLB</NAME>
            <DATATYPE>NUMBER</DATATYPE>
            <NOT_NULL></NOT_NULL>
         </COL_LIST_ITEM>
         <COL_LIST_ITEM>
            <NAME>SCHOOLC</NAME>
            <DATATYPE>NUMBER</DATATYPE>
         </COL_LIST_ITEM>
         <COL_LIST_ITEM>
            <NAME>CREATED</NAME>
            <DATATYPE>TIMESTAMP_WITH_TIMEZONE</DATATYPE>
            <SCALE>6</SCALE>
         </COL_LIST_ITEM>
         <COL_LIST_ITEM>
            <NAME>CREATED_BY</NAME>
            <DATATYPE>VARCHAR2</DATATYPE>
            <LENGTH>255</LENGTH>
            <COLLATE_NAME>USING_NLS_COMP</COLLATE_NAME>
         </COL_LIST_ITEM>
         <COL_LIST_ITEM>
            <NAME>UPDATED</NAME>
            <DATATYPE>TIMESTAMP_WITH_TIMEZONE</DATATYPE>
            <SCALE>6</SCALE>
         </COL_LIST_ITEM>
         <COL_LIST_ITEM>
            <NAME>UPDATED_BY</NAME>
            <DATATYPE>VARCHAR2</DATATYPE>
            <LENGTH>255</LENGTH>
            <COLLATE_NAME>USING_NLS_COMP</COLLATE_NAME>
         </COL_LIST_ITEM>
      </COL_LIST>
      <DEFAULT_COLLATION>USING_NLS_COMP</DEFAULT_COLLATION>
      <PHYSICAL_PROPERTIES>
         <HEAP_TABLE>
            <SEGMENT_ATTRIBUTES>
               <SEGMENT_CREATION_IMMEDIATE></SEGMENT_CREATION_IMMEDIATE>
               <PCTFREE>10</PCTFREE>
               <PCTUSED>40</PCTUSED>
               <INITRANS>10</INITRANS>
               <MAXTRANS>255</MAXTRANS>
               <STORAGE>
                  <INITIAL>65536</INITIAL>
                  <NEXT>1048576</NEXT>
                  <MINEXTENTS>1</MINEXTENTS>
                  <MAXEXTENTS>2147483645</MAXEXTENTS>
                  <PCTINCREASE>0</PCTINCREASE>
                  <FREELISTS>1</FREELISTS>
                  <FREELIST_GROUPS>1</FREELIST_GROUPS>
                  <BUFFER_POOL>DEFAULT</BUFFER_POOL>
                  <FLASH_CACHE>DEFAULT</FLASH_CACHE>
                  <CELL_FLASH_CACHE>DEFAULT</CELL_FLASH_CACHE>
               </STORAGE>
               <TABLESPACE>DATA</TABLESPACE>
               <LOGGING>Y</LOGGING>
            </SEGMENT_ATTRIBUTES>
            <COMPRESS>N</COMPRESS>
         </HEAP_TABLE>
      </PHYSICAL_PROPERTIES>
   </RELATIONAL_TABLE>
</TABLE>]]></n0:source>
		</n0:createSxmlObject>
	</changeSet>
</databaseChangeLog>
