<?xml version="1.0" encoding="UTF-8"?>
<databaseChangeLog 
	xmlns="http://www.liquibase.org/xml/ns/dbchangelog" 
	xmlns:xsi="http://www.w3.org/2001/XMLSchema-instance" 
	xmlns:n0="http://www.oracle.com/xml/ns/dbchangelog-ext" 
	xsi:schemaLocation="http://www.liquibase.org/xml/ns/dbchangelog 
	http://www.liquibase.org/xml/ns/dbchangelog/dbchangelog-latest.xsd">
	<changeSet id="ddae8b1d89b02712b852cc41a4d8a56908eb3bcb" author="(PEOPLE_ANALYTICS)-Generated" failOnError="false"   runOnChange="false" runAlways="false"  >
		<n0:createSxmlObject objectName="EBA_QPOLL_ERRORS" objectType="TABLE" ownerName="PEOPLE_ANALYTICS"  replaceIfExists="false" >
			<n0:source><![CDATA[
  <TABLE xmlns="http://xmlns.oracle.com/ku" version="1.0">
   <SCHEMA>%USER_NAME%</SCHEMA>
   <NAME>EBA_QPOLL_ERRORS</NAME>
   <RELATIONAL_TABLE>
      <COL_LIST>
         <COL_LIST_ITEM>
            <NAME>ID</NAME>
            <DATATYPE>NUMBER</DATATYPE>
            <NOT_NULL></NOT_NULL>
         </COL_LIST_ITEM>
         <COL_LIST_ITEM>
            <NAME>ERR_TIME</NAME>
            <DATATYPE>TIMESTAMP_WITH_TIMEZONE</DATATYPE>
            <SCALE>6</SCALE>
            <DEFAULT>current_timestamp</DEFAULT>
            <NOT_NULL></NOT_NULL>
         </COL_LIST_ITEM>
         <COL_LIST_ITEM>
            <NAME>APP_ID</NAME>
            <DATATYPE>NUMBER</DATATYPE>
         </COL_LIST_ITEM>
         <COL_LIST_ITEM>
            <NAME>APP_PAGE_ID</NAME>
            <DATATYPE>NUMBER</DATATYPE>
         </COL_LIST_ITEM>
         <COL_LIST_ITEM>
            <NAME>APP_USER</NAME>
            <DATATYPE>VARCHAR2</DATATYPE>
            <LENGTH>512</LENGTH>
            <CHAR_SEMANTICS></CHAR_SEMANTICS>
            <COLLATE_NAME>USING_NLS_COMP</COLLATE_NAME>
         </COL_LIST_ITEM>
         <COL_LIST_ITEM>
            <NAME>USER_AGENT</NAME>
            <DATATYPE>VARCHAR2</DATATYPE>
            <LENGTH>4000</LENGTH>
            <CHAR_SEMANTICS></CHAR_SEMANTICS>
            <COLLATE_NAME>USING_NLS_COMP</COLLATE_NAME>
         </COL_LIST_ITEM>
         <COL_LIST_ITEM>
            <NAME>IP_ADDRESS</NAME>
            <DATATYPE>VARCHAR2</DATATYPE>
            <LENGTH>512</LENGTH>
            <CHAR_SEMANTICS></CHAR_SEMANTICS>
            <COLLATE_NAME>USING_NLS_COMP</COLLATE_NAME>
         </COL_LIST_ITEM>
         <COL_LIST_ITEM>
            <NAME>IP_ADDRESS2</NAME>
            <DATATYPE>VARCHAR2</DATATYPE>
            <LENGTH>512</LENGTH>
            <CHAR_SEMANTICS></CHAR_SEMANTICS>
            <COLLATE_NAME>USING_NLS_COMP</COLLATE_NAME>
         </COL_LIST_ITEM>
         <COL_LIST_ITEM>
            <NAME>MESSAGE</NAME>
            <DATATYPE>VARCHAR2</DATATYPE>
            <LENGTH>4000</LENGTH>
            <CHAR_SEMANTICS></CHAR_SEMANTICS>
            <COLLATE_NAME>USING_NLS_COMP</COLLATE_NAME>
         </COL_LIST_ITEM>
         <COL_LIST_ITEM>
            <NAME>PAGE_ITEM_NAME</NAME>
            <DATATYPE>VARCHAR2</DATATYPE>
            <LENGTH>255</LENGTH>
            <CHAR_SEMANTICS></CHAR_SEMANTICS>
            <COLLATE_NAME>USING_NLS_COMP</COLLATE_NAME>
         </COL_LIST_ITEM>
         <COL_LIST_ITEM>
            <NAME>REGION_ID</NAME>
            <DATATYPE>NUMBER</DATATYPE>
         </COL_LIST_ITEM>
         <COL_LIST_ITEM>
            <NAME>COLUMN_ALIAS</NAME>
            <DATATYPE>VARCHAR2</DATATYPE>
            <LENGTH>255</LENGTH>
            <CHAR_SEMANTICS></CHAR_SEMANTICS>
            <COLLATE_NAME>USING_NLS_COMP</COLLATE_NAME>
         </COL_LIST_ITEM>
         <COL_LIST_ITEM>
            <NAME>ROW_NUM</NAME>
            <DATATYPE>NUMBER</DATATYPE>
         </COL_LIST_ITEM>
         <COL_LIST_ITEM>
            <NAME>APEX_ERROR_CODE</NAME>
            <DATATYPE>VARCHAR2</DATATYPE>
            <LENGTH>255</LENGTH>
            <CHAR_SEMANTICS></CHAR_SEMANTICS>
            <COLLATE_NAME>USING_NLS_COMP</COLLATE_NAME>
         </COL_LIST_ITEM>
         <COL_LIST_ITEM>
            <NAME>ORA_SQLCODE</NAME>
            <DATATYPE>NUMBER</DATATYPE>
         </COL_LIST_ITEM>
         <COL_LIST_ITEM>
            <NAME>ORA_SQLERRM</NAME>
            <DATATYPE>VARCHAR2</DATATYPE>
            <LENGTH>4000</LENGTH>
            <CHAR_SEMANTICS></CHAR_SEMANTICS>
            <COLLATE_NAME>USING_NLS_COMP</COLLATE_NAME>
         </COL_LIST_ITEM>
         <COL_LIST_ITEM>
            <NAME>ERROR_BACKTRACE</NAME>
            <DATATYPE>VARCHAR2</DATATYPE>
            <LENGTH>4000</LENGTH>
            <CHAR_SEMANTICS></CHAR_SEMANTICS>
            <COLLATE_NAME>USING_NLS_COMP</COLLATE_NAME>
         </COL_LIST_ITEM>
         <COL_LIST_ITEM>
            <NAME>PROCEDURE_NAME</NAME>
            <DATATYPE>VARCHAR2</DATATYPE>
            <LENGTH>1000</LENGTH>
            <CHAR_SEMANTICS></CHAR_SEMANTICS>
            <COLLATE_NAME>USING_NLS_COMP</COLLATE_NAME>
            <DEFAULT>null</DEFAULT>
         </COL_LIST_ITEM>
         <COL_LIST_ITEM>
            <NAME>ERROR_TEXT</NAME>
            <DATATYPE>VARCHAR2</DATATYPE>
            <LENGTH>4000</LENGTH>
            <CHAR_SEMANTICS></CHAR_SEMANTICS>
            <COLLATE_NAME>USING_NLS_COMP</COLLATE_NAME>
            <DEFAULT>null</DEFAULT>
         </COL_LIST_ITEM>
         <COL_LIST_ITEM>
            <NAME>ARG1_NAME</NAME>
            <DATATYPE>VARCHAR2</DATATYPE>
            <LENGTH>255</LENGTH>
            <CHAR_SEMANTICS></CHAR_SEMANTICS>
            <COLLATE_NAME>USING_NLS_COMP</COLLATE_NAME>
            <DEFAULT>null</DEFAULT>
         </COL_LIST_ITEM>
         <COL_LIST_ITEM>
            <NAME>ARG1_VAL</NAME>
            <DATATYPE>VARCHAR2</DATATYPE>
            <LENGTH>4000</LENGTH>
            <CHAR_SEMANTICS></CHAR_SEMANTICS>
            <COLLATE_NAME>USING_NLS_COMP</COLLATE_NAME>
            <DEFAULT>null</DEFAULT>
         </COL_LIST_ITEM>
         <COL_LIST_ITEM>
            <NAME>ARG2_NAME</NAME>
            <DATATYPE>VARCHAR2</DATATYPE>
            <LENGTH>255</LENGTH>
            <CHAR_SEMANTICS></CHAR_SEMANTICS>
            <COLLATE_NAME>USING_NLS_COMP</COLLATE_NAME>
            <DEFAULT>null</DEFAULT>
         </COL_LIST_ITEM>
         <COL_LIST_ITEM>
            <NAME>ARG2_VAL</NAME>
            <DATATYPE>VARCHAR2</DATATYPE>
            <LENGTH>4000</LENGTH>
            <CHAR_SEMANTICS></CHAR_SEMANTICS>
            <COLLATE_NAME>USING_NLS_COMP</COLLATE_NAME>
            <DEFAULT>null</DEFAULT>
         </COL_LIST_ITEM>
         <COL_LIST_ITEM>
            <NAME>ARG3_NAME</NAME>
            <DATATYPE>VARCHAR2</DATATYPE>
            <LENGTH>255</LENGTH>
            <CHAR_SEMANTICS></CHAR_SEMANTICS>
            <COLLATE_NAME>USING_NLS_COMP</COLLATE_NAME>
            <DEFAULT>null</DEFAULT>
         </COL_LIST_ITEM>
         <COL_LIST_ITEM>
            <NAME>ARG3_VAL</NAME>
            <DATATYPE>VARCHAR2</DATATYPE>
            <LENGTH>4000</LENGTH>
            <CHAR_SEMANTICS></CHAR_SEMANTICS>
            <COLLATE_NAME>USING_NLS_COMP</COLLATE_NAME>
            <DEFAULT>null</DEFAULT>
         </COL_LIST_ITEM>
         <COL_LIST_ITEM>
            <NAME>ARG4_NAME</NAME>
            <DATATYPE>VARCHAR2</DATATYPE>
            <LENGTH>255</LENGTH>
            <CHAR_SEMANTICS></CHAR_SEMANTICS>
            <COLLATE_NAME>USING_NLS_COMP</COLLATE_NAME>
            <DEFAULT>null</DEFAULT>
         </COL_LIST_ITEM>
         <COL_LIST_ITEM>
            <NAME>ARG4_VAL</NAME>
            <DATATYPE>VARCHAR2</DATATYPE>
            <LENGTH>4000</LENGTH>
            <CHAR_SEMANTICS></CHAR_SEMANTICS>
            <COLLATE_NAME>USING_NLS_COMP</COLLATE_NAME>
            <DEFAULT>null /* used to track errors in access request process */
    -- END APEX_ERROR.T_ERROR
</DEFAULT>
         </COL_LIST_ITEM>
      </COL_LIST>
      <PRIMARY_KEY_CONSTRAINT_LIST>
         <PRIMARY_KEY_CONSTRAINT_LIST_ITEM>
            <NAME>EBA_QPOLL_ERRORS_PK</NAME>
            <COL_LIST>
               <COL_LIST_ITEM>
                  <NAME>ID</NAME>
               </COL_LIST_ITEM>
            </COL_LIST>
            <USING_INDEX>
               <INDEX_ATTRIBUTES>
                  <PCTFREE>10</PCTFREE>
                  <INITRANS>20</INITRANS>
                  <MAXTRANS>255</MAXTRANS>
                  <TABLESPACE>DATA</TABLESPACE>
                  <LOGGING>Y</LOGGING>
               </INDEX_ATTRIBUTES>
            </USING_INDEX>
         </PRIMARY_KEY_CONSTRAINT_LIST_ITEM>
      </PRIMARY_KEY_CONSTRAINT_LIST>
      <DEFAULT_COLLATION>USING_NLS_COMP</DEFAULT_COLLATION>
      <PHYSICAL_PROPERTIES>
         <HEAP_TABLE>
            <SEGMENT_ATTRIBUTES>
               <SEGMENT_CREATION_DEFERRED></SEGMENT_CREATION_DEFERRED>
               <PCTFREE>10</PCTFREE>
               <PCTUSED>40</PCTUSED>
               <INITRANS>10</INITRANS>
               <MAXTRANS>255</MAXTRANS>
               <TABLESPACE>DATA</TABLESPACE>
               <LOGGING>Y</LOGGING>
            </SEGMENT_ATTRIBUTES>
            <COMPRESS>N</COMPRESS>
         </HEAP_TABLE>
      </PHYSICAL_PROPERTIES>
   </RELATIONAL_TABLE>
</TABLE>]]></n0:source>
		</n0:createSxmlObject>
	</changeSet>
</databaseChangeLog>
