<?xml version="1.0" encoding="UTF-8"?>
<databaseChangeLog 
	xmlns="http://www.liquibase.org/xml/ns/dbchangelog" 
	xmlns:xsi="http://www.w3.org/2001/XMLSchema-instance" 
	xmlns:n0="http://www.oracle.com/xml/ns/dbchangelog-ext" 
	xsi:schemaLocation="http://www.liquibase.org/xml/ns/dbchangelog 
	http://www.liquibase.org/xml/ns/dbchangelog/dbchangelog-latest.xsd">
	<changeSet id="db853eac0aef6504a2d254017b200032cd3f55e0" author="(PEOPLE_ANALYTICS)-Generated" failOnError="false"   runOnChange="false" runAlways="false"  >
		<n0:createSxmlObject objectName="MAP_COMUNIDADES_TMP" objectType="TABLE" ownerName="PEOPLE_ANALYTICS"  replaceIfExists="false" >
			<n0:source><![CDATA[
  <TABLE xmlns="http://xmlns.oracle.com/ku" version="1.0">
   <SCHEMA>%USER_NAME%</SCHEMA>
   <NAME>MAP_COMUNIDADES_TMP</NAME>
   <RELATIONAL_TABLE>
      <COL_LIST>
         <COL_LIST_ITEM>
            <NAME>ID</NAME>
            <DATATYPE>NUMBER</DATATYPE>
         </COL_LIST_ITEM>
         <COL_LIST_ITEM>
            <NAME>NAME</NAME>
            <DATATYPE>VARCHAR2</DATATYPE>
            <LENGTH>30</LENGTH>
            <CHAR_SEMANTICS></CHAR_SEMANTICS>
            <COLLATE_NAME>USING_NLS_COMP</COLLATE_NAME>
         </COL_LIST_ITEM>
         <COL_LIST_ITEM>
            <NAME>COUNTRY_CODE</NAME>
            <DATATYPE>CHAR</DATATYPE>
            <LENGTH>3</LENGTH>
            <COLLATE_NAME>USING_NLS_COMP</COLLATE_NAME>
         </COL_LIST_ITEM>
         <COL_LIST_ITEM>
            <NAME>GEOMETRY</NAME>
            <DATATYPE>CLOB</DATATYPE>
            <COLLATE_NAME>USING_NLS_COMP</COLLATE_NAME>
         </COL_LIST_ITEM>
      </COL_LIST>
      <CHECK_CONSTRAINT_LIST>
         <CHECK_CONSTRAINT_LIST_ITEM>
            <NAME>GEOMETRY_JSON</NAME>
            <CONDITION>geometry is json</CONDITION>
         </CHECK_CONSTRAINT_LIST_ITEM>
      </CHECK_CONSTRAINT_LIST>
      <DEFAULT_COLLATION>USING_NLS_COMP</DEFAULT_COLLATION>
      <PHYSICAL_PROPERTIES>
         <HEAP_TABLE>
            <SEGMENT_ATTRIBUTES>
               <SEGMENT_CREATION_IMMEDIATE></SEGMENT_CREATION_IMMEDIATE>
               <PCTFREE>10</PCTFREE>
               <PCTUSED>40</PCTUSED>
               <INITRANS>10</INITRANS>
               <MAXTRANS>255</MAXTRANS>
               <STORAGE>
                  <INITIAL>65536</INITIAL>
                  <NEXT>1048576</NEXT>
                  <MINEXTENTS>1</MINEXTENTS>
                  <MAXEXTENTS>2147483645</MAXEXTENTS>
                  <PCTINCREASE>0</PCTINCREASE>
                  <FREELISTS>1</FREELISTS>
                  <FREELIST_GROUPS>1</FREELIST_GROUPS>
                  <BUFFER_POOL>DEFAULT</BUFFER_POOL>
                  <FLASH_CACHE>DEFAULT</FLASH_CACHE>
                  <CELL_FLASH_CACHE>DEFAULT</CELL_FLASH_CACHE>
               </STORAGE>
               <TABLESPACE>DATA</TABLESPACE>
               <LOGGING>Y</LOGGING>
            </SEGMENT_ATTRIBUTES>
            <COMPRESS>N</COMPRESS>
         </HEAP_TABLE>
      </PHYSICAL_PROPERTIES>
      <TABLE_PROPERTIES>
         <COLUMN_PROPERTIES>
            <COL_LIST>
               <COL_LIST_ITEM>
                  <NAME>GEOMETRY</NAME>
                  <DATATYPE>CLOB</DATATYPE>
                  <LOB_PROPERTIES>
                     <STORAGE_TABLE>
                        <TABLESPACE>DATA</TABLESPACE>
                        <SECUREFILE></SECUREFILE>
                        <STORAGE_IN_ROW></STORAGE_IN_ROW>
                        <STORAGE>
                           <INITIAL>106496</INITIAL>
                           <NEXT>1048576</NEXT>
                           <MINEXTENTS>1</MINEXTENTS>
                           <MAXEXTENTS>2147483645</MAXEXTENTS>
                           <PCTINCREASE>0</PCTINCREASE>
                           <BUFFER_POOL>DEFAULT</BUFFER_POOL>
                           <FLASH_CACHE>DEFAULT</FLASH_CACHE>
                           <CELL_FLASH_CACHE>DEFAULT</CELL_FLASH_CACHE>
                        </STORAGE>
                        <CHUNK>8192</CHUNK>
                        <CACHE>Y</CACHE>
                        <VALIDATE>N</VALIDATE>
                     </STORAGE_TABLE>
                  </LOB_PROPERTIES>
               </COL_LIST_ITEM>
            </COL_LIST>
         </COLUMN_PROPERTIES>
      </TABLE_PROPERTIES>
   </RELATIONAL_TABLE>
</TABLE>]]></n0:source>
		</n0:createSxmlObject>
	</changeSet>
</databaseChangeLog>
