<?xml version="1.0" encoding="UTF-8"?>
<databaseChangeLog 
	xmlns="http://www.liquibase.org/xml/ns/dbchangelog" 
	xmlns:xsi="http://www.w3.org/2001/XMLSchema-instance" 
	xmlns:n0="http://www.oracle.com/xml/ns/dbchangelog-ext" 
	xsi:schemaLocation="http://www.liquibase.org/xml/ns/dbchangelog 
	http://www.liquibase.org/xml/ns/dbchangelog/dbchangelog-latest.xsd">
	<changeSet id="6602ae2388f281f77ae6e0c0ad3f312d538fb64d" author="(PEOPLE_ANALYTICS)-Generated" failOnError="false"   runOnChange="false" runAlways="false"  >
		<n0:createSxmlObject objectName="EBA_QPOLL_POLLS" objectType="TABLE" ownerName="PEOPLE_ANALYTICS"  replaceIfExists="false" >
			<n0:source><![CDATA[
  <TABLE xmlns="http://xmlns.oracle.com/ku" version="1.0">
   <SCHEMA>%USER_NAME%</SCHEMA>
   <NAME>EBA_QPOLL_POLLS</NAME>
   <RELATIONAL_TABLE>
      <COL_LIST>
         <COL_LIST_ITEM>
            <NAME>ID</NAME>
            <DATATYPE>NUMBER</DATATYPE>
         </COL_LIST_ITEM>
         <COL_LIST_ITEM>
            <NAME>ROW_VERSION_NUMBER</NAME>
            <DATATYPE>NUMBER</DATATYPE>
            <NOT_NULL></NOT_NULL>
         </COL_LIST_ITEM>
         <COL_LIST_ITEM>
            <NAME>ROW_KEY</NAME>
            <DATATYPE>VARCHAR2</DATATYPE>
            <LENGTH>30</LENGTH>
            <CHAR_SEMANTICS></CHAR_SEMANTICS>
            <COLLATE_NAME>USING_NLS_COMP</COLLATE_NAME>
         </COL_LIST_ITEM>
         <COL_LIST_ITEM>
            <NAME>POLL_NAME</NAME>
            <DATATYPE>VARCHAR2</DATATYPE>
            <LENGTH>255</LENGTH>
            <CHAR_SEMANTICS></CHAR_SEMANTICS>
            <COLLATE_NAME>USING_NLS_COMP</COLLATE_NAME>
            <NOT_NULL></NOT_NULL>
         </COL_LIST_ITEM>
         <COL_LIST_ITEM>
            <NAME>POLL_DETAILS</NAME>
            <DATATYPE>VARCHAR2</DATATYPE>
            <LENGTH>4000</LENGTH>
            <CHAR_SEMANTICS></CHAR_SEMANTICS>
            <COLLATE_NAME>USING_NLS_COMP</COLLATE_NAME>
         </COL_LIST_ITEM>
         <COL_LIST_ITEM>
            <NAME>INTRO_TEXT</NAME>
            <DATATYPE>VARCHAR2</DATATYPE>
            <LENGTH>4000</LENGTH>
            <CHAR_SEMANTICS></CHAR_SEMANTICS>
            <COLLATE_NAME>USING_NLS_COMP</COLLATE_NAME>
         </COL_LIST_ITEM>
         <COL_LIST_ITEM>
            <NAME>THANK_YOU_TEXT</NAME>
            <DATATYPE>VARCHAR2</DATATYPE>
            <LENGTH>4000</LENGTH>
            <CHAR_SEMANTICS></CHAR_SEMANTICS>
            <COLLATE_NAME>USING_NLS_COMP</COLLATE_NAME>
         </COL_LIST_ITEM>
         <COL_LIST_ITEM>
            <NAME>STATUS_ID</NAME>
            <DATATYPE>NUMBER</DATATYPE>
            <NOT_NULL></NOT_NULL>
         </COL_LIST_ITEM>
         <COL_LIST_ITEM>
            <NAME>POLL_OR_QUIZ</NAME>
            <DATATYPE>VARCHAR2</DATATYPE>
            <LENGTH>1</LENGTH>
            <CHAR_SEMANTICS></CHAR_SEMANTICS>
            <COLLATE_NAME>USING_NLS_COMP</COLLATE_NAME>
            <NOT_NULL></NOT_NULL>
         </COL_LIST_ITEM>
         <COL_LIST_ITEM>
            <NAME>SCORE_TYPE</NAME>
            <DATATYPE>VARCHAR2</DATATYPE>
            <LENGTH>1</LENGTH>
            <CHAR_SEMANTICS></CHAR_SEMANTICS>
            <COLLATE_NAME>USING_NLS_COMP</COLLATE_NAME>
            <DEFAULT>'N'</DEFAULT>
         </COL_LIST_ITEM>
         <COL_LIST_ITEM>
            <NAME>USE_SECTIONS_YN</NAME>
            <DATATYPE>VARCHAR2</DATATYPE>
            <LENGTH>1</LENGTH>
            <CHAR_SEMANTICS></CHAR_SEMANTICS>
            <COLLATE_NAME>USING_NLS_COMP</COLLATE_NAME>
            <DEFAULT>'N'</DEFAULT>
         </COL_LIST_ITEM>
         <COL_LIST_ITEM>
            <NAME>IMAGE_FILENAME</NAME>
            <DATATYPE>VARCHAR2</DATATYPE>
            <LENGTH>4000</LENGTH>
            <CHAR_SEMANTICS></CHAR_SEMANTICS>
            <COLLATE_NAME>USING_NLS_COMP</COLLATE_NAME>
         </COL_LIST_ITEM>
         <COL_LIST_ITEM>
            <NAME>IMAGE_MIMETYPE</NAME>
            <DATATYPE>VARCHAR2</DATATYPE>
            <LENGTH>512</LENGTH>
            <CHAR_SEMANTICS></CHAR_SEMANTICS>
            <COLLATE_NAME>USING_NLS_COMP</COLLATE_NAME>
         </COL_LIST_ITEM>
         <COL_LIST_ITEM>
            <NAME>IMAGE_CHARSET</NAME>
            <DATATYPE>VARCHAR2</DATATYPE>
            <LENGTH>512</LENGTH>
            <CHAR_SEMANTICS></CHAR_SEMANTICS>
            <COLLATE_NAME>USING_NLS_COMP</COLLATE_NAME>
         </COL_LIST_ITEM>
         <COL_LIST_ITEM>
            <NAME>IMAGE_BLOB</NAME>
            <DATATYPE>BLOB</DATATYPE>
         </COL_LIST_ITEM>
         <COL_LIST_ITEM>
            <NAME>IMAGE_LAST_UPDATED</NAME>
            <DATATYPE>DATE</DATATYPE>
         </COL_LIST_ITEM>
         <COL_LIST_ITEM>
            <NAME>IMAGE_WIDTH</NAME>
            <DATATYPE>NUMBER</DATATYPE>
         </COL_LIST_ITEM>
         <COL_LIST_ITEM>
            <NAME>IMAGE_HEIGHT</NAME>
            <DATATYPE>NUMBER</DATATYPE>
         </COL_LIST_ITEM>
         <COL_LIST_ITEM>
            <NAME>ANONYMOUS_YN</NAME>
            <DATATYPE>VARCHAR2</DATATYPE>
            <LENGTH>1</LENGTH>
            <CHAR_SEMANTICS></CHAR_SEMANTICS>
            <COLLATE_NAME>USING_NLS_COMP</COLLATE_NAME>
            <DEFAULT>'N'</DEFAULT>
         </COL_LIST_ITEM>
         <COL_LIST_ITEM>
            <NAME>CAN_UPDATE_ANSWERS_YN</NAME>
            <DATATYPE>VARCHAR2</DATATYPE>
            <LENGTH>1</LENGTH>
            <CHAR_SEMANTICS></CHAR_SEMANTICS>
            <COLLATE_NAME>USING_NLS_COMP</COLLATE_NAME>
            <DEFAULT>'N'</DEFAULT>
         </COL_LIST_ITEM>
         <COL_LIST_ITEM>
            <NAME>ALL_VIEW_RESULTS_YN</NAME>
            <DATATYPE>VARCHAR2</DATATYPE>
            <LENGTH>1</LENGTH>
            <CHAR_SEMANTICS></CHAR_SEMANTICS>
            <COLLATE_NAME>USING_NLS_COMP</COLLATE_NAME>
            <DEFAULT>'Y'</DEFAULT>
         </COL_LIST_ITEM>
         <COL_LIST_ITEM>
            <NAME>ENABLE_SCORE_YN</NAME>
            <DATATYPE>VARCHAR2</DATATYPE>
            <LENGTH>1</LENGTH>
            <CHAR_SEMANTICS></CHAR_SEMANTICS>
            <COLLATE_NAME>USING_NLS_COMP</COLLATE_NAME>
            <DEFAULT>'N'</DEFAULT>
         </COL_LIST_ITEM>
         <COL_LIST_ITEM>
            <NAME>INVITE_ONLY_YN</NAME>
            <DATATYPE>VARCHAR2</DATATYPE>
            <LENGTH>1</LENGTH>
            <CHAR_SEMANTICS></CHAR_SEMANTICS>
            <COLLATE_NAME>USING_NLS_COMP</COLLATE_NAME>
            <DEFAULT>'N'</DEFAULT>
         </COL_LIST_ITEM>
         <COL_LIST_ITEM>
            <NAME>AUTHENTICATION_REQ_YN</NAME>
            <DATATYPE>VARCHAR2</DATATYPE>
            <LENGTH>1</LENGTH>
            <CHAR_SEMANTICS></CHAR_SEMANTICS>
            <COLLATE_NAME>USING_NLS_COMP</COLLATE_NAME>
            <DEFAULT>'N'</DEFAULT>
         </COL_LIST_ITEM>
         <COL_LIST_ITEM>
            <NAME>START_TIME</NAME>
            <DATATYPE>TIMESTAMP_WITH_TIMEZONE</DATATYPE>
            <SCALE>6</SCALE>
         </COL_LIST_ITEM>
         <COL_LIST_ITEM>
            <NAME>STOP_TIME</NAME>
            <DATATYPE>TIMESTAMP_WITH_TIMEZONE</DATATYPE>
            <SCALE>6</SCALE>
         </COL_LIST_ITEM>
         <COL_LIST_ITEM>
            <NAME>INVITE_SUBJECT</NAME>
            <DATATYPE>VARCHAR2</DATATYPE>
            <LENGTH>4000</LENGTH>
            <CHAR_SEMANTICS></CHAR_SEMANTICS>
            <COLLATE_NAME>USING_NLS_COMP</COLLATE_NAME>
         </COL_LIST_ITEM>
         <COL_LIST_ITEM>
            <NAME>INVITE_BODY</NAME>
            <DATATYPE>CLOB</DATATYPE>
            <COLLATE_NAME>USING_NLS_COMP</COLLATE_NAME>
         </COL_LIST_ITEM>
         <COL_LIST_ITEM>
            <NAME>REMINDER_SUBJECT</NAME>
            <DATATYPE>VARCHAR2</DATATYPE>
            <LENGTH>4000</LENGTH>
            <CHAR_SEMANTICS></CHAR_SEMANTICS>
            <COLLATE_NAME>USING_NLS_COMP</COLLATE_NAME>
         </COL_LIST_ITEM>
         <COL_LIST_ITEM>
            <NAME>REMINDER_BODY</NAME>
            <DATATYPE>CLOB</DATATYPE>
            <COLLATE_NAME>USING_NLS_COMP</COLLATE_NAME>
         </COL_LIST_ITEM>
         <COL_LIST_ITEM>
            <NAME>CREATED_BY</NAME>
            <DATATYPE>VARCHAR2</DATATYPE>
            <LENGTH>255</LENGTH>
            <CHAR_SEMANTICS></CHAR_SEMANTICS>
            <COLLATE_NAME>USING_NLS_COMP</COLLATE_NAME>
         </COL_LIST_ITEM>
         <COL_LIST_ITEM>
            <NAME>CREATED</NAME>
            <DATATYPE>TIMESTAMP_WITH_TIMEZONE</DATATYPE>
            <SCALE>6</SCALE>
         </COL_LIST_ITEM>
         <COL_LIST_ITEM>
            <NAME>UPDATED_BY</NAME>
            <DATATYPE>VARCHAR2</DATATYPE>
            <LENGTH>255</LENGTH>
            <CHAR_SEMANTICS></CHAR_SEMANTICS>
            <COLLATE_NAME>USING_NLS_COMP</COLLATE_NAME>
         </COL_LIST_ITEM>
         <COL_LIST_ITEM>
            <NAME>UPDATED</NAME>
            <DATATYPE>TIMESTAMP_WITH_TIMEZONE</DATATYPE>
            <SCALE>6</SCALE>
         </COL_LIST_ITEM>
      </COL_LIST>
      <CHECK_CONSTRAINT_LIST>
         <CHECK_CONSTRAINT_LIST_ITEM>
            <NAME>EBA_QPOLL_POLL_STATUS_CC</NAME>
            <CONDITION>status_id in (1,2,3,4)</CONDITION>
         </CHECK_CONSTRAINT_LIST_ITEM>
         <CHECK_CONSTRAINT_LIST_ITEM>
            <NAME>EBA_QPOLL_POLLS_CC1</NAME>
            <CONDITION>poll_or_quiz in ('P','Q')</CONDITION>
         </CHECK_CONSTRAINT_LIST_ITEM>
         <CHECK_CONSTRAINT_LIST_ITEM>
            <NAME>EBA_QPOLL_POLLS_CC2</NAME>
            <CONDITION>score_type in ('A','C','N')</CONDITION>
         </CHECK_CONSTRAINT_LIST_ITEM>
         <CHECK_CONSTRAINT_LIST_ITEM>
            <NAME>EBA_QPOLL_POLLS_CC3</NAME>
            <CONDITION>use_sections_yn in ('Y','N')</CONDITION>
         </CHECK_CONSTRAINT_LIST_ITEM>
         <CHECK_CONSTRAINT_LIST_ITEM>
            <NAME>EBA_QPOLL_POLLS_CC4</NAME>
            <CONDITION>anonymous_yn in ('Y','N')</CONDITION>
         </CHECK_CONSTRAINT_LIST_ITEM>
         <CHECK_CONSTRAINT_LIST_ITEM>
            <NAME>EBA_QPOLL_POLLS_CC5</NAME>
            <CONDITION>can_update_answers_yn in ('Y','N')</CONDITION>
         </CHECK_CONSTRAINT_LIST_ITEM>
         <CHECK_CONSTRAINT_LIST_ITEM>
            <NAME>EBA_QPOLL_POLLS_CC6</NAME>
            <CONDITION>all_view_results_yn in ('Y','N')</CONDITION>
         </CHECK_CONSTRAINT_LIST_ITEM>
         <CHECK_CONSTRAINT_LIST_ITEM>
            <NAME>EBA_QPOLL_POLLS_CC7</NAME>
            <CONDITION>enable_score_yn in ('Y','N')</CONDITION>
         </CHECK_CONSTRAINT_LIST_ITEM>
         <CHECK_CONSTRAINT_LIST_ITEM>
            <NAME>EBA_QPOLL_POLLS_CC8</NAME>
            <CONDITION>invite_only_yn in ('Y','N')</CONDITION>
         </CHECK_CONSTRAINT_LIST_ITEM>
         <CHECK_CONSTRAINT_LIST_ITEM>
            <NAME>EBA_QPOLL_POLLS_CC9</NAME>
            <CONDITION>authentication_req_yn in ('Y','N')</CONDITION>
         </CHECK_CONSTRAINT_LIST_ITEM>
      </CHECK_CONSTRAINT_LIST>
      <PRIMARY_KEY_CONSTRAINT_LIST>
         <PRIMARY_KEY_CONSTRAINT_LIST_ITEM>
            <NAME>EBA_QPOLL_POLL_PK</NAME>
            <COL_LIST>
               <COL_LIST_ITEM>
                  <NAME>ID</NAME>
               </COL_LIST_ITEM>
            </COL_LIST>
            <USING_INDEX>
               <INDEX_ATTRIBUTES>
                  <PCTFREE>10</PCTFREE>
                  <INITRANS>20</INITRANS>
                  <MAXTRANS>255</MAXTRANS>
                  <STORAGE>
                     <INITIAL>65536</INITIAL>
                     <NEXT>1048576</NEXT>
                     <MINEXTENTS>1</MINEXTENTS>
                     <MAXEXTENTS>2147483645</MAXEXTENTS>
                     <PCTINCREASE>0</PCTINCREASE>
                     <FREELISTS>1</FREELISTS>
                     <FREELIST_GROUPS>1</FREELIST_GROUPS>
                     <BUFFER_POOL>DEFAULT</BUFFER_POOL>
                     <FLASH_CACHE>DEFAULT</FLASH_CACHE>
                     <CELL_FLASH_CACHE>DEFAULT</CELL_FLASH_CACHE>
                  </STORAGE>
                  <TABLESPACE>DATA</TABLESPACE>
                  <LOGGING>Y</LOGGING>
               </INDEX_ATTRIBUTES>
            </USING_INDEX>
         </PRIMARY_KEY_CONSTRAINT_LIST_ITEM>
      </PRIMARY_KEY_CONSTRAINT_LIST>
      <DEFAULT_COLLATION>USING_NLS_COMP</DEFAULT_COLLATION>
      <PHYSICAL_PROPERTIES>
         <HEAP_TABLE>
            <SEGMENT_ATTRIBUTES>
               <SEGMENT_CREATION_IMMEDIATE></SEGMENT_CREATION_IMMEDIATE>
               <PCTFREE>10</PCTFREE>
               <PCTUSED>40</PCTUSED>
               <INITRANS>10</INITRANS>
               <MAXTRANS>255</MAXTRANS>
               <STORAGE>
                  <INITIAL>65536</INITIAL>
                  <NEXT>1048576</NEXT>
                  <MINEXTENTS>1</MINEXTENTS>
                  <MAXEXTENTS>2147483645</MAXEXTENTS>
                  <PCTINCREASE>0</PCTINCREASE>
                  <FREELISTS>1</FREELISTS>
                  <FREELIST_GROUPS>1</FREELIST_GROUPS>
                  <BUFFER_POOL>DEFAULT</BUFFER_POOL>
                  <FLASH_CACHE>DEFAULT</FLASH_CACHE>
                  <CELL_FLASH_CACHE>DEFAULT</CELL_FLASH_CACHE>
               </STORAGE>
               <TABLESPACE>DATA</TABLESPACE>
               <LOGGING>Y</LOGGING>
            </SEGMENT_ATTRIBUTES>
            <COMPRESS>N</COMPRESS>
         </HEAP_TABLE>
      </PHYSICAL_PROPERTIES>
      <TABLE_PROPERTIES>
         <COLUMN_PROPERTIES>
            <COL_LIST>
               <COL_LIST_ITEM>
                  <NAME>IMAGE_BLOB</NAME>
                  <DATATYPE>BLOB</DATATYPE>
                  <LOB_PROPERTIES>
                     <STORAGE_TABLE>
                        <TABLESPACE>DATA</TABLESPACE>
                        <SECUREFILE></SECUREFILE>
                        <STORAGE_IN_ROW></STORAGE_IN_ROW>
                        <STORAGE>
                           <INITIAL>106496</INITIAL>
                           <NEXT>1048576</NEXT>
                           <MINEXTENTS>1</MINEXTENTS>
                           <MAXEXTENTS>2147483645</MAXEXTENTS>
                           <PCTINCREASE>0</PCTINCREASE>
                           <BUFFER_POOL>DEFAULT</BUFFER_POOL>
                           <FLASH_CACHE>DEFAULT</FLASH_CACHE>
                           <CELL_FLASH_CACHE>DEFAULT</CELL_FLASH_CACHE>
                        </STORAGE>
                        <CHUNK>8192</CHUNK>
                        <CACHE>N</CACHE>
                        <LOGGING>Y</LOGGING>
                        <VALIDATE>N</VALIDATE>
                     </STORAGE_TABLE>
                  </LOB_PROPERTIES>
               </COL_LIST_ITEM>
               <COL_LIST_ITEM>
                  <NAME>INVITE_BODY</NAME>
                  <DATATYPE>CLOB</DATATYPE>
                  <LOB_PROPERTIES>
                     <STORAGE_TABLE>
                        <TABLESPACE>DATA</TABLESPACE>
                        <SECUREFILE></SECUREFILE>
                        <STORAGE_IN_ROW></STORAGE_IN_ROW>
                        <STORAGE>
                           <INITIAL>106496</INITIAL>
                           <NEXT>1048576</NEXT>
                           <MINEXTENTS>1</MINEXTENTS>
                           <MAXEXTENTS>2147483645</MAXEXTENTS>
                           <PCTINCREASE>0</PCTINCREASE>
                           <BUFFER_POOL>DEFAULT</BUFFER_POOL>
                           <FLASH_CACHE>DEFAULT</FLASH_CACHE>
                           <CELL_FLASH_CACHE>DEFAULT</CELL_FLASH_CACHE>
                        </STORAGE>
                        <CHUNK>8192</CHUNK>
                        <CACHE>N</CACHE>
                        <LOGGING>Y</LOGGING>
                        <VALIDATE>N</VALIDATE>
                     </STORAGE_TABLE>
                  </LOB_PROPERTIES>
               </COL_LIST_ITEM>
               <COL_LIST_ITEM>
                  <NAME>REMINDER_BODY</NAME>
                  <DATATYPE>CLOB</DATATYPE>
                  <LOB_PROPERTIES>
                     <STORAGE_TABLE>
                        <TABLESPACE>DATA</TABLESPACE>
                        <SECUREFILE></SECUREFILE>
                        <STORAGE_IN_ROW></STORAGE_IN_ROW>
                        <STORAGE>
                           <INITIAL>106496</INITIAL>
                           <NEXT>1048576</NEXT>
                           <MINEXTENTS>1</MINEXTENTS>
                           <MAXEXTENTS>2147483645</MAXEXTENTS>
                           <PCTINCREASE>0</PCTINCREASE>
                           <BUFFER_POOL>DEFAULT</BUFFER_POOL>
                           <FLASH_CACHE>DEFAULT</FLASH_CACHE>
                           <CELL_FLASH_CACHE>DEFAULT</CELL_FLASH_CACHE>
                        </STORAGE>
                        <CHUNK>8192</CHUNK>
                        <CACHE>N</CACHE>
                        <LOGGING>Y</LOGGING>
                        <VALIDATE>N</VALIDATE>
                     </STORAGE_TABLE>
                  </LOB_PROPERTIES>
               </COL_LIST_ITEM>
            </COL_LIST>
         </COLUMN_PROPERTIES>
      </TABLE_PROPERTIES>
   </RELATIONAL_TABLE>
</TABLE>]]></n0:source>
		</n0:createSxmlObject>
	</changeSet>
</databaseChangeLog>
