<?xml version="1.0" encoding="UTF-8"?>
<databaseChangeLog 
	xmlns="http://www.liquibase.org/xml/ns/dbchangelog" 
	xmlns:xsi="http://www.w3.org/2001/XMLSchema-instance" 
	xmlns:n0="http://www.oracle.com/xml/ns/dbchangelog-ext" 
	xsi:schemaLocation="http://www.liquibase.org/xml/ns/dbchangelog 
	http://www.liquibase.org/xml/ns/dbchangelog/dbchangelog-latest.xsd">
	<changeSet id="fcf1dd1204d2090609d2cc8faed60ae3af1c6127" author="(PEOPLE_ANALYTICS)-Generated" failOnError="false"   runOnChange="false" runAlways="false"  >
		<n0:createSxmlObject objectName="SP_FOCUS_AREAS" objectType="TABLE" ownerName="PEOPLE_ANALYTICS"  replaceIfExists="false" >
			<n0:source><![CDATA[
  <TABLE xmlns="http://xmlns.oracle.com/ku" version="1.0">
   <SCHEMA>%USER_NAME%</SCHEMA>
   <NAME>SP_FOCUS_AREAS</NAME>
   <RELATIONAL_TABLE>
      <COL_LIST>
         <COL_LIST_ITEM>
            <NAME>ID</NAME>
            <DATATYPE>NUMBER</DATATYPE>
            <DEFAULT_ON_NULL>to_number(sys_guid(), 'XXXXXXXXXXXXXXXXXXXXXXXXXXXXXXXX')</DEFAULT_ON_NULL>
            <NOT_NULL></NOT_NULL>
         </COL_LIST_ITEM>
         <COL_LIST_ITEM>
            <NAME>FOCUS_AREA</NAME>
            <DATATYPE>VARCHAR2</DATATYPE>
            <LENGTH>50</LENGTH>
            <CHAR_SEMANTICS></CHAR_SEMANTICS>
            <COLLATE_NAME>USING_NLS_COMP</COLLATE_NAME>
            <NOT_NULL></NOT_NULL>
         </COL_LIST_ITEM>
         <COL_LIST_ITEM>
            <NAME>DESCRIPTION</NAME>
            <DATATYPE>VARCHAR2</DATATYPE>
            <LENGTH>4000</LENGTH>
            <CHAR_SEMANTICS></CHAR_SEMANTICS>
            <COLLATE_NAME>USING_NLS_COMP</COLLATE_NAME>
         </COL_LIST_ITEM>
         <COL_LIST_ITEM>
            <NAME>OWNER_ID</NAME>
            <DATATYPE>NUMBER</DATATYPE>
         </COL_LIST_ITEM>
         <COL_LIST_ITEM>
            <NAME>PERMA_LINK</NAME>
            <DATATYPE>VARCHAR2</DATATYPE>
            <LENGTH>4000</LENGTH>
            <CHAR_SEMANTICS></CHAR_SEMANTICS>
            <COLLATE_NAME>USING_NLS_COMP</COLLATE_NAME>
         </COL_LIST_ITEM>
         <COL_LIST_ITEM>
            <NAME>STATUS_SCALE</NAME>
            <DATATYPE>VARCHAR2</DATATYPE>
            <LENGTH>1</LENGTH>
            <COLLATE_NAME>USING_NLS_COMP</COLLATE_NAME>
         </COL_LIST_ITEM>
         <COL_LIST_ITEM>
            <NAME>HIDDEN_BY_DEFAULT_YN</NAME>
            <DATATYPE>VARCHAR2</DATATYPE>
            <LENGTH>1</LENGTH>
            <CHAR_SEMANTICS></CHAR_SEMANTICS>
            <COLLATE_NAME>USING_NLS_COMP</COLLATE_NAME>
         </COL_LIST_ITEM>
         <COL_LIST_ITEM>
            <NAME>TAGS</NAME>
            <DATATYPE>VARCHAR2</DATATYPE>
            <LENGTH>4000</LENGTH>
            <CHAR_SEMANTICS></CHAR_SEMANTICS>
            <COLLATE_NAME>USING_NLS_COMP</COLLATE_NAME>
         </COL_LIST_ITEM>
         <COL_LIST_ITEM>
            <NAME>IMAGE</NAME>
            <DATATYPE>BLOB</DATATYPE>
         </COL_LIST_ITEM>
         <COL_LIST_ITEM>
            <NAME>IMAGE_NAME</NAME>
            <DATATYPE>VARCHAR2</DATATYPE>
            <LENGTH>512</LENGTH>
            <CHAR_SEMANTICS></CHAR_SEMANTICS>
            <COLLATE_NAME>USING_NLS_COMP</COLLATE_NAME>
         </COL_LIST_ITEM>
         <COL_LIST_ITEM>
            <NAME>IMAGE_MIMETYPE</NAME>
            <DATATYPE>VARCHAR2</DATATYPE>
            <LENGTH>512</LENGTH>
            <CHAR_SEMANTICS></CHAR_SEMANTICS>
            <COLLATE_NAME>USING_NLS_COMP</COLLATE_NAME>
         </COL_LIST_ITEM>
         <COL_LIST_ITEM>
            <NAME>IMAGE_LAST_UPDATED</NAME>
            <DATATYPE>DATE</DATATYPE>
         </COL_LIST_ITEM>
         <COL_LIST_ITEM>
            <NAME>CREATED</NAME>
            <DATATYPE>DATE</DATATYPE>
            <NOT_NULL></NOT_NULL>
         </COL_LIST_ITEM>
         <COL_LIST_ITEM>
            <NAME>CREATED_BY</NAME>
            <DATATYPE>VARCHAR2</DATATYPE>
            <LENGTH>255</LENGTH>
            <CHAR_SEMANTICS></CHAR_SEMANTICS>
            <COLLATE_NAME>USING_NLS_COMP</COLLATE_NAME>
            <NOT_NULL></NOT_NULL>
         </COL_LIST_ITEM>
         <COL_LIST_ITEM>
            <NAME>UPDATED</NAME>
            <DATATYPE>DATE</DATATYPE>
            <NOT_NULL></NOT_NULL>
         </COL_LIST_ITEM>
         <COL_LIST_ITEM>
            <NAME>UPDATED_BY</NAME>
            <DATATYPE>VARCHAR2</DATATYPE>
            <LENGTH>255</LENGTH>
            <CHAR_SEMANTICS></CHAR_SEMANTICS>
            <COLLATE_NAME>USING_NLS_COMP</COLLATE_NAME>
            <NOT_NULL></NOT_NULL>
         </COL_LIST_ITEM>
      </COL_LIST>
      <CHECK_CONSTRAINT_LIST>
         <CHECK_CONSTRAINT_LIST_ITEM>
            <CONDITION>status_scale in ('A','B','C','D','E','F','G')</CONDITION>
         </CHECK_CONSTRAINT_LIST_ITEM>
      </CHECK_CONSTRAINT_LIST>
      <PRIMARY_KEY_CONSTRAINT_LIST>
         <PRIMARY_KEY_CONSTRAINT_LIST_ITEM>
            <NAME>SP_FOCUS_AREAS_ID_PK</NAME>
            <COL_LIST>
               <COL_LIST_ITEM>
                  <NAME>ID</NAME>
               </COL_LIST_ITEM>
            </COL_LIST>
            <USING_INDEX>
               <INDEX_ATTRIBUTES>
                  <PCTFREE>10</PCTFREE>
                  <INITRANS>20</INITRANS>
                  <MAXTRANS>255</MAXTRANS>
                  <STORAGE>
                     <INITIAL>65536</INITIAL>
                     <NEXT>1048576</NEXT>
                     <MINEXTENTS>1</MINEXTENTS>
                     <MAXEXTENTS>2147483645</MAXEXTENTS>
                     <PCTINCREASE>0</PCTINCREASE>
                     <FREELISTS>1</FREELISTS>
                     <FREELIST_GROUPS>1</FREELIST_GROUPS>
                     <BUFFER_POOL>DEFAULT</BUFFER_POOL>
                     <FLASH_CACHE>DEFAULT</FLASH_CACHE>
                     <CELL_FLASH_CACHE>DEFAULT</CELL_FLASH_CACHE>
                  </STORAGE>
                  <TABLESPACE>DATA</TABLESPACE>
                  <LOGGING>Y</LOGGING>
               </INDEX_ATTRIBUTES>
            </USING_INDEX>
         </PRIMARY_KEY_CONSTRAINT_LIST_ITEM>
      </PRIMARY_KEY_CONSTRAINT_LIST>
      <DEFAULT_COLLATION>USING_NLS_COMP</DEFAULT_COLLATION>
      <PHYSICAL_PROPERTIES>
         <HEAP_TABLE>
            <SEGMENT_ATTRIBUTES>
               <SEGMENT_CREATION_IMMEDIATE></SEGMENT_CREATION_IMMEDIATE>
               <PCTFREE>10</PCTFREE>
               <PCTUSED>40</PCTUSED>
               <INITRANS>10</INITRANS>
               <MAXTRANS>255</MAXTRANS>
               <STORAGE>
                  <INITIAL>65536</INITIAL>
                  <NEXT>1048576</NEXT>
                  <MINEXTENTS>1</MINEXTENTS>
                  <MAXEXTENTS>2147483645</MAXEXTENTS>
                  <PCTINCREASE>0</PCTINCREASE>
                  <FREELISTS>1</FREELISTS>
                  <FREELIST_GROUPS>1</FREELIST_GROUPS>
                  <BUFFER_POOL>DEFAULT</BUFFER_POOL>
                  <FLASH_CACHE>DEFAULT</FLASH_CACHE>
                  <CELL_FLASH_CACHE>DEFAULT</CELL_FLASH_CACHE>
               </STORAGE>
               <TABLESPACE>DATA</TABLESPACE>
               <LOGGING>Y</LOGGING>
            </SEGMENT_ATTRIBUTES>
            <COMPRESS>N</COMPRESS>
         </HEAP_TABLE>
      </PHYSICAL_PROPERTIES>
      <TABLE_PROPERTIES>
         <COLUMN_PROPERTIES>
            <COL_LIST>
               <COL_LIST_ITEM>
                  <NAME>IMAGE</NAME>
                  <DATATYPE>BLOB</DATATYPE>
                  <LOB_PROPERTIES>
                     <STORAGE_TABLE>
                        <TABLESPACE>DATA</TABLESPACE>
                        <SECUREFILE></SECUREFILE>
                        <STORAGE_IN_ROW></STORAGE_IN_ROW>
                        <STORAGE>
                           <INITIAL>106496</INITIAL>
                           <NEXT>1048576</NEXT>
                           <MINEXTENTS>1</MINEXTENTS>
                           <MAXEXTENTS>2147483645</MAXEXTENTS>
                           <PCTINCREASE>0</PCTINCREASE>
                           <BUFFER_POOL>DEFAULT</BUFFER_POOL>
                           <FLASH_CACHE>DEFAULT</FLASH_CACHE>
                           <CELL_FLASH_CACHE>DEFAULT</CELL_FLASH_CACHE>
                        </STORAGE>
                        <CHUNK>8192</CHUNK>
                        <CACHE>N</CACHE>
                        <LOGGING>Y</LOGGING>
                        <VALIDATE>N</VALIDATE>
                     </STORAGE_TABLE>
                  </LOB_PROPERTIES>
               </COL_LIST_ITEM>
            </COL_LIST>
         </COLUMN_PROPERTIES>
      </TABLE_PROPERTIES>
   </RELATIONAL_TABLE>
</TABLE>]]></n0:source>
		</n0:createSxmlObject>
	</changeSet>
</databaseChangeLog>
