<?xml version="1.0" encoding="UTF-8"?>
<databaseChangeLog 
	xmlns="http://www.liquibase.org/xml/ns/dbchangelog" 
	xmlns:xsi="http://www.w3.org/2001/XMLSchema-instance" 
	xmlns:n0="http://www.oracle.com/xml/ns/dbchangelog-ext" 
	xsi:schemaLocation="http://www.liquibase.org/xml/ns/dbchangelog 
	http://www.liquibase.org/xml/ns/dbchangelog/dbchangelog-latest.xsd">
	<changeSet id="762b327d2be342a248332cb80449039ce31028a6" author="(PEOPLE_ANALYTICS)-Generated" failOnError="false"   runOnChange="false" runAlways="false"  >
		<n0:createSxmlObject objectName="SP_PROJECT_COMM_EMAILS_I1" objectType="INDEX" ownerName="PEOPLE_ANALYTICS"  replaceIfExists="false" >
			<n0:source><![CDATA[
  <INDEX xmlns="http://xmlns.oracle.com/ku" version="1.0">
   <SCHEMA>%USER_NAME%</SCHEMA>
   <NAME>SP_PROJECT_COMM_EMAILS_I1</NAME>
   <TABLE_INDEX>
      <ON_TABLE>
         <SCHEMA>%USER_NAME%</SCHEMA>
         <NAME>SP_PROJECT_COMMENTS_EMAILS</NAME>
      </ON_TABLE>
      <COL_LIST>
         <COL_LIST_ITEM>
            <NAME>COMMENT_ID</NAME>
         </COL_LIST_ITEM>
      </COL_LIST>
      <INDEX_ATTRIBUTES>
         <PCTFREE>10</PCTFREE>
         <INITRANS>20</INITRANS>
         <MAXTRANS>255</MAXTRANS>
         <TABLESPACE>DATA</TABLESPACE>
         <LOGGING>Y</LOGGING>
      </INDEX_ATTRIBUTES>
   </TABLE_INDEX>
</INDEX>]]></n0:source>
		</n0:createSxmlObject>
	</changeSet>
</databaseChangeLog>
