<?xml version="1.0" encoding="UTF-8"?>
<databaseChangeLog 
	xmlns="http://www.liquibase.org/xml/ns/dbchangelog" 
	xmlns:xsi="http://www.w3.org/2001/XMLSchema-instance" 
	xmlns:n0="http://www.oracle.com/xml/ns/dbchangelog-ext" 
	xsi:schemaLocation="http://www.liquibase.org/xml/ns/dbchangelog 
	http://www.liquibase.org/xml/ns/dbchangelog/dbchangelog-latest.xsd">
	<changeSet id="08e9b492e5b49b8cd578aaa10dc860760a3d0555" author="(PEOPLE_ANALYTICS)-Generated" failOnError="false"   runOnChange="false" runAlways="false"  >
		<n0:createSxmlObject objectName="EBA_SAMPLE_MAP_SIMPLESTATES_SX" objectType="INDEX" ownerName="PEOPLE_ANALYTICS"  replaceIfExists="false" >
			<n0:source><![CDATA[
  <INDEX xmlns="http://xmlns.oracle.com/ku" version="1.0">
   <SCHEMA>%USER_NAME%</SCHEMA>
   <NAME>EBA_SAMPLE_MAP_SIMPLESTATES_SX</NAME>
   <TABLE_INDEX>
      <ON_TABLE>
         <SCHEMA>%USER_NAME%</SCHEMA>
         <NAME>EBA_SAMPLE_MAP_SIMPLE_STATES</NAME>
      </ON_TABLE>
      <COL_LIST>
         <COL_LIST_ITEM>
            <NAME>GEOMETRY</NAME>
         </COL_LIST_ITEM>
      </COL_LIST>
      <DOMAIN_INDEX_PROPERTIES>
         <INDEXTYPE>
            <SCHEMA>MDSYS</SCHEMA>
            <NAME>SPATIAL_INDEX_V2</NAME>
         </INDEXTYPE>
      </DOMAIN_INDEX_PROPERTIES>
   </TABLE_INDEX>
</INDEX>]]></n0:source>
		</n0:createSxmlObject>
	</changeSet>
</databaseChangeLog>
